id,title,location
51044535,파이썬(Python) 기반의 풀스택 개발자 모십니다.,서울강남구
50703185,"AI 개발(Python), 데이터분석 및 사업 기획 인턴 모집",서울강남구
51042450,Junior Python Backend Developer (Django/FastAPI) 모집,서울송파구
50857996,[재택근무] REACT · PHP · PYTHON 개발자 모집,서울양천구
50959470,"[미소정보기술] JAVA, Python 및 인공지능(AI) 플랫폼 개발자",서울강남구
50819735,[솔루션] 백엔드 개발자 모집(python),서울강남구
50875224,[신입] Python 개발자,경기전체
50874164,마켓빌리 JAVA / DBA / TA / AA / PYTHON Recruitment,서울구로구
51009582,[Python] 엔지엘 기업부설연구소 AI 개발자 모집,부산동구
51037703,[Python] 파이썬(Python) 개발자 모집중,대구동구
50965952,데이터분석/Python/JAVA/SAS 인재 채용,서울강남구
51034542,python(파이썬) 개발자 모집,경기하남시
50872120,"[플랜아이] 개발자 채용 PHP WEB, AI(Python)",대전유성구
51045448,프론트엔드 개발자 (React / Next.js / Python),서울송파구
51029651,DJANGO / PYTHON / JSP IT개발·데이터 신입&경력 채용,서울강서구
50879892,"[개발팀] 서비스 개발(Back-end, python)",서울서초구
50985909,[알고리즘 개발자] AI비전검사/컴퓨터비전(C/C++/Python/CUDA),경기성남시 분당구
50948369,[Python] AI 플랫폼 개발자,서울전체
51050354,[Python 기반] 내비게이션 테스트 자동화 스크립트 개발,서울성동구
50835570,"[기업교육] 실시간 강의 (Python, 데이터분석, AI 활용)",서울강남구
50810902,Python 개발자 채용,서울강남구
50894992,자연어처리/ Python 엔진 개발,서울종로구
50989937,SaaS 백엔드 개발자 모집 (Django · Python · 제조 IT),경기오산시
51003706,ROS 기반 로봇/UGV 개발자 모집 (Python 외),대전유성구
50992574,"풀스택 개발자 (java, python, js)",서울송파구
50835081,Python 응용 소프트웨어 운용,서울강동구
51038347,Python 응용 프로그램 개발자 모집 공고(경력),경기성남시 분당구
50914189,[테나아이] 백엔드(Python) 개발자 모집,서울서초구
50969043,Full-Stack Developer (React / TypeScript / Python) 채용,서울강남구
50958691,생성형 AI 빅데이터 마케팅 플랫폼 데이터엔지니어(python)채용,서울강남구
50943137,"PHP,Python개발자를 모집합니다",대구수성구
50838446,Backend Junior Engineer(PHP/Python),서울강남구
51039594,"[백엔드/서버개발] Php, Python 솔루션 개발자",서울서초구
50875423,[전남 광양] Python 전문가 채용 중,전남광양시
51009501,Back-End 개발자 모집(JAVA/Go/Python),세종특별자치시
50993044,[덱스터크레마/경력] Python 개발자 채용,서울강남구
50988676,"R&D 개발 신입 모집합니다(정규직, python, node.js)",경기안양시 동안구
51000894,"SIMULIA(Python, ABAQUS)엔지니어 경력 / 신입 정규직 채용",인천부평구
50859277,backend (python) 개발자,서울강남구
50948977,[의료정보SW(박사학위)] AI엔지니어(LLM/예측모델개발/Python),서울중구
50869717,[이수그룹 IT계열사] Python 개발자 채용,서울서초구
50581646,"React/Next.js, Python/FastAPI 개발자 모집",서울구로구
50960352,Python 개발자 채용 (경력),인천연수구
50815792,[개발팀]NestJS+Python 백엔드 팀장 채용,서울금천구
50942775,[BARO AI] 파이썬(Python)개발자 정규직 채용,경기하남시
50959869,Python 개발자 모집,서울강남구
50833858,Python/Java 개발(경력5~7),서울강서구
50833857,Python/Java 개발(경력8~10),서울강서구
51054145,Python Developer (ERP 담당) 채용,서울강남구
50844296,백엔드 경력직원 채용(GIS+python+ javascript+ DB ),대전유성구
50856398,"풀 스택 개발자(Python, React)[7~10년]",서울전체
50848646,Python Back-end Enginner,서울강남구
50856395,"풀 스택 개발자(Python, React)[3~6년]",서울전체
50859389,백엔드 Python 경력직 개발자 모집,서울전체
50891931,방산/Python 개발자 채용,경기시흥시
50991013,Python Algorithm Engineer 채용,서울전체
51045088,"[웨어러블 로봇 알고리즘 개발자(Python, C/C++, MATLAB)]",경기용인시 수지구
50709985,"Java, Python 개발 인력 채용 (경력 5년 이상)",서울송파구
50987567,Python 백엔드 개발자_6년~8년,서울마포구
50987571,Python 백엔드 개발자,서울마포구
51016158,[플레이오] Python 백엔드,서울서초구
51049205,Python Flask API 개발 경력있는 개발자를 모십니다,경기이천시
50897346,엔이에스 Python 개발자 채용,충북청주시 청원구
50977838,(주)버블콘 검색엔진 코어 개발자 채용 // (Python 백엔드),서울구로구
51049647,[코스닥/TOP보안솔루션] Python 백엔드 팀장급 (7~12년),서울서초구
51021754,[Catalyst] 생성형 AI Python Fullstack 개발자,서울강남구
50973596,국내 광고 포털 유지 보수 및 신규 서비스 개발 (Python),서울강남구
50682269,[프리랜서] 펫헬스케어 분야 파이썬(Python) 개발 경력자 채용,광주서구
51025605,보안 솔루션 개발자 모집 (Rust / Python / Electron 기반),서울송파구
50844287,"프로그램 개발자 모집(Machine Vision, AI(Python), C, C#, C++)",경북포항시 남구
50933565,Python 솔루션 개발자 (경력) 모집,서울구로구
50965465,[반도체] Python Developer & CS Engineer - 경기 화성,경기화성시
51013912,"데이터 분석 및 모델링 담당/SQL,Tableau, Python/세계적게임사",경기성남시 분당구
50701078,AI Agent Vision/MFC/C# Python Tensorflow CUDA yolo개발직,충남천안시 동남구
51051363,"C#, Python 프로그래머 경력사원 모집",경기파주시
50883351,[국비무료IT취업]자바파이썬/웹개발/빅데이터/인공지능,서울마포구
51002835,[국회의사당역/월290+성과급350프로]데이터분석/통계 SAS 파이썬,서울영등포구
51041144,[코스닥상장사] DX사업본부 의료 AI 제품 패키징 개발자(파이썬),서울구로구
50710071,[정규직] 토목 BIM Add-in(애드인) 개발자 (파이썬 / C# / C++),서울마포구
50665670,"[메가스터디IT] 파이썬, 데이터분석 방특강사 채용",서울강남구
51037208,"[경력] MLOps, 클라우드, 파이썬 개발자 채용",서울금천구
50947359,[단기6개월] 창원 LG전자(주) 파이썬/ 코딩 사용가능자 모집,경남창원시
51004649,"AI, 인공지능, 파이썬 개발자 모집(경력자 우대)",경남창원시
50809159,"메가스터디IT 방학특강 (파이썬, C언어, JAVA) 강사채용",서울강남구
50623349,"[경력,신입] 파이썬 개발자 정직원 모집(솔루션본부)",서울서초구
50967313,파이썬 백엔드 엔지니어 채용공고 (3년차이상) - 부산,부산해운대구
50840127,'3D 물리시뮬레이션 및 파이썬 코딩' 분야 모집,서울강남구
50948342,의료 AI 제품 패키징 파이썬 개발자,서울전체
50948110,Mac Agent 파이썬 개발자/ Linux Agent 개발자 채용,서울금천구
50894419,[노츠] Web 자동화 테스트 엔지니어 모집(파이썬),서울성동구
50926787,파이썬 개발자(개발 경력 3년 이상),서울용산구
50992520,[코스닥-보안업체] 파이썬 백앤드 (팀장급),서울영등포구
50824582,[코스닥상장사] DX사업본부 AI 플랫폼 개발자 (파이썬),서울구로구
50993674,[여의도][IT인증플랫폼기업] 파이썬 백앤드(팀장급),서울영등포구
50894676,[라온시큐어] 파이썬 백엔드 개발자 경력직 채용,서울영등포구
50885808,[웹개발] 파이선 기반 CRM 관리 PHP,대전유성구
51050837,긴급ㅣICTㅣ파이썬 백앤드 (팀장급),서울전체
51009760,2025년 본사 및 관계사 채용,서울금천구
51042814,[kt ds] 2025년 부문별 경력사원 상시채용,서울서초구
50946711,2025년 하반기 신입/경력 채용,부산연제구
50976423,25년 6월 각 부문별 신입/경력사원 채용,서울마포구
50957747,2025 솔트룩스 그룹사 대규모 경력직 채용,서울송파구
51041698,(삼성SDS분사社) 비젠트로㈜ 하반기 채용,경기성남시
50944975,다우기술 경력사원 대규모 인재영입,경기성남시 분당구
50927921,㈜위즈코리아 '25년 하반기 신입/경력 사원 모집,서울강서구
51025373,항공사업부 경력채용 (드론/사업/구매/인사/R&D),경기성남시 분당구
50944477,㈜푸드테크 하반기 신입/경력 전부문 채용,서울강남구
50902396,㈜우진플라임 부문별 인재채용,충북보은군
50986060,2025년 대졸신입 및 경력사원 모집,서울중구
50958453,비상교육 전체직무 상시채용,경기과천시
51003018,2025년 하계 현대로템 석/박사 인턴 모집,경기의왕시
50915554,도미노피자 각 부문(자회사 포함) 공개 채용,서울강남구
50884132,㈜피아이이 상반기 각 부문 공개채용,경기화성시
50542164,2025년 상반기 전직군 신입/경력 채용,경기수원시 권선구
51027135,각 부문 신입/경력 직원 수시채용,서울마포구
50856915,2025년 상반기 각 부문별 신입/경력 모집,경기화성시
50857388,전 부문 채용,경기성남시 분당구
51026790,[팬더TV] 2025 더블미디어 각 부문별 공개채용(서울),서울강남구
51041789,인공지능 기획 및 개발자/JAVA 웹 개발자 채용,서울영등포구
51049923,2025년 각 부문 상반기 채용,경기용인시 처인구
51001671,2025년도 8월 별정직(계약직) 직원 모집,충남천안시
51040561,2025년 하반기 상시채용 모집,경기부천시
51021522,(주)견우푸드 신입/경력 정규직 채용,경기광주시
50992812,"직군별 채용 (기획 및 운영, 개발, 법무지원, DBA)",서울강남구
51026782,[솔탑] 2025년 부문별 신입/경력사원 모집,세종특별자치시
50441637,[코스닥 상장사] 2025년 이에이트 부문별 채용,서울송파구
51038857,[리드넘버]JAVA 백엔드 개발자 채용 [신입 및 경력],서울구로구
51000057,2025년 2차 직원(정규직/무기계약직) 공개채용,경남거제시
50980922,각 부문 신입 및 경력 채용,서울서초구
50912847,2025년 6월 국내 및 해외 전부문 수시 채용,충남천안시 동남구
51010389,[제이시스메디칼] 각 부문별 신입/경력 상시 채용,서울금천구
51014869,SFA 25년 4차 수시채용 7개 부문 (7월13일 마감),충남아산시
50958375,(주)리만코리아 경력직 채용(서울/대구),서울강남구
51041893,2025년도 제2차 연수직 공개경쟁 채용,경남창원시
50947405,[DB하이텍 & DB글로벌칩] 경력사원 공개채용 (6월),경기부천시
50999313,25년 하반기 부문별 채용 공고,경기화성시
51037329,바이오 벤처 분야별 혁신 인재 채용,서울용산구
50979020,Data Division 집중채용,서울강남구
50838649,에이엠㈜ 신입/경력 채용 모집,경기과천시
50846410,엔씨소프트 전 부문 수시 채용,경기성남시 분당구
51052588,2025년 (주)더캐리 IT인력(정보혁신부) 전 부문 공개채용,서울강남구
51002328,(주)지오시스템리서치 수시채용,경기군포시
51039188,[대구] RTL 설계 엔지니어 (신입),대구동구
50715242,[캐시워크] 데이터분석 담당 채용전환형 인턴,서울강남구
50916000,[뉴로메카] 소프트웨어 개발자 채용,서울성동구
50916980,[넥스트칩] 2025년 6월 각 부문 모집,경기성남시 분당구
51014223,한국인공지능소프트웨어산업협회 회원사 채용연계형 개발자 교육과정,서울동대문구
50611614,[삼성SDS자회사] (주)시큐아이 경력사원 채용,서울종로구
50836933,㈜베르티스 우수인재 채용,경기과천시
51043722,[INEEJI] (주)인이지 데이터분석가/AI엔지니어 전문가 채용,서울서초구
50821244,"[국내TOP7로펌/법무법인YK] 강남주사무소 채용(풀스택개발자, 시스템 엔지니어, 웹기획자)",서울강남구
50990670,"[국내TOP7로펌/법무법인YK] 강남주사무소 채용(개발자, 시스템관리자, 웹기획자, 디자이너)",서울강남구
50999005,응용 소프트웨어 개발자 신입 및 경력 채용,경남김해시
50934279,[미래내일일경험] 시엔피컨설팅/교육서비스/기후행동팀 인턴모집,서울서초구
51023946,데이터분석가 신입/경력 채용,서울전체
51028493,열정 가득한 풀스택[Full-Stack] 개발자 모집,서울송파구
50941660,"[일본 / CAL주식회사] WEB/ IT 개발자 채용, 미경험 신입 대환영",일본
51006217,마크클라우드 솔루션 백엔드 개발자 채용 (신입 / 경력),서울강남구
51036499,영상처리 알고리즘 개발 엔지니어 신입/경력사원 채용,대구북구
50820807,로보틱스 AI 연구원 모집 (신입/경력/전문연구요원),경기광명시
50987322,[비컴유니버스] 웹 개발자 신입/경력 채용,서울강남구
50980179,로봇/로보틱스 S/W 엔지니어 모집(인턴/신입/경력/전문연구요원),경기광명시
51045459,[경력] 백엔드 개발자 채용,서울송파구
50833896,건양대학교병원_바이오 메디컬 AI(의료 인공지능) 개발자 교육생 모집,대전서구
50987487,데이터엔지니어(MS) 채용,서울강남구
49563552,"[서울/경기] 수강료 0원 무료 취업교육생 과정모집(인공지능AI,빅데이터,풀스택,웹디자인,게임,메타버스)",서울종로구
51044529,마케팅/소프트웨어 기술지원 엔지니어 인턴 채용,서울중구
51050651,Entry-Level Software Engineer,서울전체
51050375,플랫폼개발 신입(경력2년이하) 채용,서울강남구
50975304,"[도쿄근무]백엔드,서버 주니어 개발자 모집(일본어 필수)",일본
51012930,[악어디지털] AI 플랫폼 백엔드 개발자(신입 ~ 경력 3년) 채용,서울강남구
51050951,[KIS자산평가] 각 부문별 신입/경력 채용 공고,서울영등포구
51013827,한국투자공사 2025년 신입직원 채용,서울중구
51010007,[NAVER Cloud] CLOVA Studio 프로덕트 매니지먼트 (체험형 인턴),경기성남시 분당구
50971670,[㈜테크웨이즈] 각 부문별 신입·경력사원 모집,경기용인시 수지구
50826676,2025년 상반기 각 부문별 신입/경력 채용,경기군포시
51041758,AI & MLOps플랫폼 웹 서비스 기획 & 프로트엔드 개발자 채용,서울중구
50897572,[본사] 웹개발자 경력직 채용,서울영등포구
50976293,[현대카드/본사] UX INSIGHT팀(JAVASCRIPT /CSS개발 가능자우대),서울영등포구
50998980,제이씨현시스템(주) AI 서비스 full-stack 웹 개발자 모집,서울용산구
50959812,[넛지헬스케어] 백엔드개발 채용전환형 인턴,서울강남구
50985835,[대덕전자] IT/시스템 담당자 수시 채용,경기안산시 단원구
50916681,S/W QA & Test Engineer (신입/경력) 모집합니다.,서울구로구
50845348,[주4.5일] 백엔드 개발자(JAVA) 채용,서울구로구
50980897,"[FE/BE/APP] 개발자(신입,경력) 채용(매주 금요일 Refresh Day)",서울구로구
51025869,반도체 분석기기 Software Engineer 신입 채용 / 영업지원 및 총무 업무 신입 채용,경기화성시
50895560,[KG ICT] 청년 AI 로보틱스 아카데미 5기_AI 로봇 훈련생 모집,서울전체
50944470,[인천 송도 근무]마케팅 일반 사무직 채용(평일/주말 13시 출근),인천연수구
51031936,[㈜딥엑스][AI반도체] 신입 (학/석/박사) HW / SW 엔지니어 모집,경기성남시 분당구
50833536,계룡건설_빅데이터 기반 Green Tech SW 개발자 교육생 모집,대전서구
51040489,[제이엘케이] 정보보안 담당자 채용,서울강남구
50999011,2025년 기업부설연구소 웹 개발자 (프론트엔드 / 백엔드) 채용,부산해운대구
50903217,2025년 상반기 계약직원 추가 공개채용 모집공고,부산강서구
50932988,[스타랩스] Web개발 경력자 채용,서울강남구
51036925,[신입/경력] 빅데이터/AI 정보화 컨설턴트,서울금천구
50998428,[알라딘] 데이터 사이언티스트 채용,서울중구
50974973,디지털마케팅 데이터분석가,서울구로구
50976256,(주)네패스 IT 담당자 부문별 신입/경력 채용,서울서초구
51014687,[피앤피시큐어] 연구개발 부문(소프트웨어 연구 개발 직군) 채용,서울강서구
50838114,㈜마이크로인피니티 대전사업장 정규직 사원 모집,대전유성구
50819867,25년 각 부문 경력사원 채용,서울서초구
51040650,[개발자 채용]연애IT기업 럽디(주) 백앤드 개발모집,서울관악구
50947662,[서울] 디지털리얼리티연구소 백엔드 개발자 모집,서울강남구
50846359,[NARA SPACE] 각 부문별 직원모집,서울영등포구
50980619,2025년 하반기 공개 채용 공고 (연구개발),대구달성군
50804893,스타트업 개발자 1인 추가모집,서울동대문구
51022799,플랫폼 백엔드 & 클라이언트 개발자,서울영등포구
51002194,"[Shardlab] Product Internship (개발자,디자이너,리서치 외)",서울강남구
51042901,[코드라인]네트워크 및 서버 운영 담당자 공고,서울금천구
50970966,"[백엔드,서버] 개발자 채용",서울전체
51014300,[백엔드/서버개발] 경력 백엔드 개발자 및 디자이너,서울서초구
51039448,S/W 개발자(백엔드 모집 사이버보안) 모집,부산남구
50980246,[신입/경력] 웹 개발자(Web Debeloper),서울동작구
51050679,서버 백엔드 개발[신입],서울종로구
51041499,2025년 채용연계형 인턴 채용,서울강서구
51004253,[신입] 클라우드(Cloud) 운영 엔지니어 모집,서울강남구
51016139,[신신사] 신사업팀 채용공고(김해공장),경남김해시
51008124,[부산/화승코퍼레이션] 자금 회계 신입/경력 채용,부산연제구
51037760,[덕산하이메탈] 공정기술 부문 인재채용,울산북구
50683887,(주)프라코 당진공장 안전관리선임자 채용(신입·경력직),충남당진시
50683865,(주)프라코 중앙기술연구소 연구원모집(에어모빌리티추진Lab),경기화성시
50683995,(주)프라코 신입·경력직 모집(구매개발팀),경기화성시
51031475,신약개발 연구원 채용,경기수원시 영통구
50980518,#긴급채용#엘지전자#경비처리#프론트엔드,경남창원시
50961635,[LINE PLUS] LINE Cloud Service Engineer,경기성남시 분당구
51009867,딥러닝 개발자 채용,서울강남구
50991608,강화학습 연구개발(연구원-선임연구원),대전유성구
50978339,AI 엔지니어 및 서비스 개발자 채용 공고,서울중구
51023259,[IT 엔지니어] 더존비즈온 IT 기술지원 엔지니어 경력 채용,서울중구
50838699,[싸이몬] S/W 개발자 신입/경력 채용,경기용인시 수지구
50892070,로데슈바르즈코리아 R&D 소프트웨어 개발자 신입/경력직(서울),서울강남구
50830961,[슈어소프트테크] 2025 신입 / 경력 채용,경기성남시 수정구
50925727,자동화장비 머신비전 엔지니어 채용,충북청주시 흥덕구
51002748,[신입/경력] 소프트웨어(SW) 우수인재 모집,서울강남구
51027624,(주)인바디 SW개발검증(SW테스트) - 계약직,서울강남구
50648104,제이씨현시스템(주) AI연구소 경력 개발자 모집,서울용산구
50945464,소프트웨어 엔지니어 (신입),서울강남구
50990524,SE(시스템 엔지니어) 담당자 신입/경력 채용,서울중구
51010996,포탈 웹사이트 Back-end 개발자 경력직,서울강남구
50848728,IT/AI부문(전문연구요원 포함)신입,서울종로구
51027263,콘텐츠기획본부 신입/경력 사원 모집,서울종로구
51027928,k8s / DevOps 엔지니어 모집,서울구로구
51050118,[칩스앤미디어]프로그래밍 연구보조원 계약직 채용(대학생 우대),서울강남구
51054492,[서울] R&D전략개발실 빅데이터 전담 연구원 모집,서울서초구
50835073,데이터 분석가(Data Analyst),서울전체
51041246,백엔드 개발자,경기전체
51023902,QA 엔지니어,서울강남구
51025300,인프라 엔지니어,서울강남구
50948788,백엔드 개발자 경력 채용,서울금천구
50989575,각 부문 경력 채용,서울서초구
50884303,[정규직/연봉협의/홍대입구역] 국제물류플랫폼 개발기획 채용,서울마포구
50971603,[정규직/상장사/기숙사제공] 반도체기업 RF TEST엔지니어 채용,충남천안시 서북구
51004383,알약 xLLM 제품 개발 (신입),서울서초구
51012565,[신입/경력] 공공기관 시스템 개발 및 유지보수(SI / SM),경기성남시 분당구
50902191,아남전자(주) 시스템 및 전산업무 담당자 모집,서울구로구
50875383,[신입 및 경력] Solution/SW 개발자 채용(유지보수/장애인 전형),서울강남구
50933221,통합보안관리 엔지니어(신입),서울전체
51019975,소프트개발자모집,경기군포시
51043785,[INEEJI] (주)인이지 소프트웨어 엔지니어 전문가 채용,서울서초구
51041539,기술연구소 AI Document Understanding Engineer 채용 건,서울영등포구
50958244,시큐리티아카데미 6기 SK쉴더스트랙 교육생 모집,서울송파구
50853319,백엔드 개발자 (Back-End),서울마포구
50988001,인공지능팀 AI 연구원,서울송파구
50897139,SoC Design Engineer,서울강남구
51039223,Data Scientist in Financial (1~3년),서울종로구
51039241,인공위성기업 [루미르] 소프트웨어 개발자 채용,경기용인시 수지구
51050892,[SIIC 부산센터] 온라인쇼핑몰 데이터 이전 담당자 모집,부산부산진구
50684175,[전환형 인턴] 인공지능 솔루션 엔지니어 채용,서울강남구
50897445,Prompt Engineer,서울강남구
50959033,[인공지능솔루션] 엔지니어 직군 채용,서울강남구
51001220,백엔드 개발자 (3년 이상),서울전체
50999678,클라우드 엔지니어 신입 채용,서울강서구
51043335,[㈜파블로항공] 군집드론 AI/ML 시스템 개발 경력직 모집,대전유성구
50833876,백엔드 개발자(전환형 인턴),서울강남구
51042025,[경력] Back-end 개발자 채용(내일채움공제가능),서울송파구
50957865,AI Researcher 모집 (인턴),서울관악구
51036110,AI & Algorithm Developer for Structural Optimization,서울구로구
51044811,"[TWC] AI 직군 모집 (프롬프트 엔지니어, 데이터 매니저)",경기성남시 수정구
50813521,[NARA SPACE] 나라스페이스 기술부문 인재 모집,서울영등포구
50884732,(주)에이비스 백엔드 엔지니어 신입/경력 채용,서울강남구
50918573,Data 엔지니어 - Junior (대전 근무),대전전체
50948589,Embeded System SW 엔지니어,경기전체
50980059,플랫폼 개발자 채용공고,서울전체
51039591,AI(인공지능) 개발 및 데이터 분석 연구자,서울종로구
51024138,반도체 회로 설계 개발자 (신입),서울강남구
51043616,Software Engineer (Back-End),서울강남구
51042997,데스크탑 앱 개발자,서울성동구
51043811,JAVA 웹 개발자 채용,서울전체
51042311,임베디드 소프트웨어 개발자 (Junior),경기전체
51043813,인공지능 기획 및 개발자 채용,서울전체
50933410,"아침이 있는 삶 DGMIT, 바이브 넘치는 개발팀 멤버 모집",서울금천구
50975830,생성형 AI 데이터사이언티스트,서울강남구
51043109,[KREEMO] 임베디드 펌웨어 개발자 (사원/대리급) 채용,서울서초구
50998801,2025년 기업부설연구소 빅데이터 엔지니어 채용,부산해운대구
51000998,자연어처리 엔지니어 채용,서울강남구
51014717,[굳센] 자동화 개발자 채용,서울강서구
51041550,AI (LLM RAG) 개발자 경력직 채용,서울서초구
50916446,생성형 AI 소프트웨어 개발자 양성 과정 교육생 모집,대전유성구
50947271,데브옵스 엔지니어 채용,부산북구
50913281,AI 백엔드 개발자 (의료 시스템 연동 포함),서울강남구
51050049,플랫폼개발 경력직(3년이상) 채용,서울강남구
50745498,연구개발채용 신입/경력 무관,대구수성구
50932177,스마트팩토리 SW 개발자 채용(신입/경력),대구달서구
50974637,2025년도 S/W개발 신입/경력 공개채용,서울금천구
50975306,"[도쿄근무]백엔드,서버 개발자 모집(일본어 필수)",일본
51042974,생성형 AI 기반 업무 자동화 솔루션 개발자,경기고양시 일산동구
51043295,"[ 플루타 Fruta ] 2025년 IT아키텍트,IT기획,기획자 채용",경기남양주시
50566682,인공지능(AI)·빅데이터 개발부,서울영등포구
51051090,서버 백엔드 개발자(경력 3년 이상),서울동작구
51051154,[VR / XR 프로젝트] 교육훈련사업실 클라이언트 프로그래머,서울강남구
51035236,2025년 1Q [소프트웨어(모듈) 설계] 경력직/신입직 채용,광주광산구
51012372,[나이스평가정보] 데이터 분석/결합 등 신용정보운영 팀원 채용,서울영등포구
50843566,IT솔루션 ITO업무(개발),서울마포구
51021293,AI 에이전트 핵심 개발자,서울마포구
50971733,기술영업 신입·경력사원 모집,경기용인시 수지구
50980664,[현대카드 UX INSIGHT팀]App/Web 행동로그 태깅 및 지표관리,서울영등포구
51001731,[여의도/성과급] 신용정보 데이터 운영 담당자 모집 (SAS 활용),서울영등포구
50978060,웹 개발 채용공고,강원춘천시
51010008,[AI연구원] MLOps Engineer Internship,서울강서구
50989583,[ePapyrus] 백엔드 개발자(JAVA) 채용,경기성남시 분당구
50976832,SW 개발자 모집 (대구),대구동구
51053682,자동화장비 제어 엔지니어 채용,충북청주시 흥덕구
50974737,(주)솔리드이엔지 - ICT사업본부 클라우드사업팀,대전유성구
50866775,AI 기반 제조공정 최적화 엔지니어 모집,부산동래구
50989434,[SPOTV] 스포츠 OTT 플랫폼 (SPOTV NOW) 기획 부문 채용,서울마포구
50969899,(주)그림 머신비전 SW 소프트웨어 개발자(C++/MFC) 채용,경기광명시
50870824,[정규직/상장사/복지우수] 네트워크 엔지니어 채용,서울구로구
50896866,배터리(Battery) 2차전지 경력직 채용,경기화성시
50943535,(주)스카이오토넷 - 전장용 MCU 펌웨어 개발(병역특례 석사이상),서울서초구
51021640,[포항/복지우수] 백엔드 엔지니어 정규직 채용 (주거비 지원 有),경북포항시 남구
50635427,[신입] 모바일 RTS 클라이언트 & 서버/MMORPG 클라이언트 & 서버,서울서초구
50897201,[하이랜드이노베이션] 부산센터 전산 및 네트워크 담당자 채용,경남창원시
50980889,(사)한국관세무역개발원 전산직(PM) 채용,서울강서구
51010643,PHP 웹개발자,서울강남구
50895707,"[정규직, 계약직, 인턴][신입, 경력]AI 개발자/ML 엔지니어 채용",서울영등포구
50904861,MES (JAVA / Javascript) 개발자 모집,서울금천구
51049119,[(주) 에프디테크] R&D 열심히 할 사람,강원원주시
51000030,(주)케이드라이브 데이터파트 담당자 채용,서울영등포구
51011292,[MDS인텔리전스] 소프트웨어 솔루션 엔지니어 정규직 채용,경기성남시 분당구
50799386,자율주행 모바일 로봇 Software Engineer,경기성남시 수정구
50978888,[(주)멋쟁이자사처럼] KDT 데이터분석 부트캠프 보조강사,서울종로구
51008980,S/W 개발 엔지니어(책임~수석),경기성남시 수정구
50694637,웹프로그래머 채용,서울마포구
50970695,"[자율출근제]백엔드 경력(typescript, nodejs, MySQL) 채용",서울서초구
51031943,[㈜딥엑스][AI반도체] 엔지니어 전문연구요원 상시모집,경기성남시 분당구
51054276,Web Front-End 개발자 채용,서울마포구
50578608,"성실, 배움의 의지있는 신입 S/W개발자 모집합니다(자동차 전장)",서울강남구
50908704,[지란지교 계열사] (주4.5일 근무) 정보보안 기술엔지니어 모집,경기성남시 수정구
50998319,2025년 2차 직원(무기계약직_인공지능 기반 정보처리) 공개채용,부산영도구
50974187,"마코 UX/UI 디자이너, 퍼블리셔(프론트앤드) 모집",부산해운대구
51048793,[일본근무/CAL]비전공자 환영/ WEB개발 정규직 채용(일본어필수),일본
50589052,임베디드시스템 S/W 개발자 모집,경기수원시 영통구
50576497,[이지서티] 솔루션 엔지니어 채용,서울강남구
50589034,임베디드시스템 H/W 개발자 모집,경기수원시 영통구
50897360,R&D 부문 신입 및 경력 사원 수시채용,서울강남구
50906650,[디퍼아이] 인공지능 딥러닝 임베디드 SW 개발자 채용,서울서초구
50999176,2025년도 펌웨어 신입 사원 모집,경기용인시 수지구
51031309,정보처리기사(관련) 자격증 소지자-실무경력 2년이상,경기화성시
51049353,CAD 도면 기반 데이터/이미지 분석 AI 개발,서울강남구
51049785,물류 제조 모니터링 플랫폼 개발,서울강남구
50718057,"Verification Engineer&Digital Logic 개발자, 기술영업/마케팅",경기성남시 분당구
50839755,빅데이터 와 인공지능 AI 프로그램 개발자 모십니다.,서울금천구
50915666,"[금융SI, SM] Java, JSP 경력직 웹 개발자를 모십니다.",경기하남시
50990418,"개발자 경력 채용(데이터 엔지니어링, 앱개발 직무)",서울금천구
50808902,[신입] SW 개발 엔지니어 채용,서울서초구
50944521,솔루션개발팀/솔루션컨설팅팀/금융공학팀 채용,서울마포구
50976671,(주)웨이브웨어 2025 년도 (프로그래머) 신입.경력 모집,대전유성구
50865310,개발자 [AI·IOT ] [APP/WEB] 대전근무,세종특별자치시
50965114,개발자 [ERP· /APP/WEB ] /대전근무,대전서구
51033637,의료 텍스트 자연어처리(NLP) 딥러닝 연구원(전문연구요원 가능),서울강남구
50612748,[쿠팡] Business Analysis (Logistics Data),서울송파구
50734852,[쿠팡] Product Security Engineering,서울송파구
50697376,[쿠팡] Business Analysis (Operational Excellence),서울송파구
50826159,Staff IT System Engineer (Client Engineering Tools),서울강남구
50925667,[쿠팡] Business Analyst (비즈니스 데이터 분석) 경력자,서울송파구
50997982,"[Coupang Pay] Senior, Network Engineer (계약직)",서울송파구
50838624,[네오플] 프로그래밍/기술지원 직군 모집 (근무지: 제주본사),제주제주시
51027487,서울대학교병원 VItalLab 데이터엔지니어 연구원 채용,서울종로구
50961299,[LINE PLUS] Redis DevOps Engineer,경기성남시 분당구
50992839,IT 인프라 엔지니어 (경력),서울서초구
51010737,[락앤락] IT팀 데이터 엔지니어 채용,서울중구
50958177,Platform Developer - ESG플랫폼 서비스 개발/운영,서울강남구
50385502,2025년 각 부문 모집,경기수원시 영통구
51051119,단암시스템즈 연구개발직(소프트웨어 부문) 신입/경력 모집,경기안양시 동안구
50544630,[커넥트웨이브] 메이크샵 개발 직군 채용,서울금천구
50623200,[미리디] 데이터 분석,서울구로구
50746013,"[주성엔지니어링㈜] 정보기술(서버관리, 정보보안) 경력 채용",경기용인시 기흥구
51015823,(주) 벨로크 기업부설연구소 2팀 WEB 개발자 채용,서울금천구
50756226,[NHN Cloud] 스토리지 시스템 개발 및 데브옵스,경기성남시 분당구
50948136,[NHN Dooray] 두레이 서비스 백엔드 개발 및 운영,경기성남시 분당구
50988390,[NHN Cloud] 인프라QA,경기성남시 분당구
51041677,[dentsu그룹] GA4 데이터 분석 전문가 정규직 채용 (사원급),서울강남구
50814665,인공지능(AI) 솔트룩스 - 각 부문별 경력 모집,서울송파구
50948842,(주)서린바이오사이언스 바이오 시험분석 서비스 매니저 채용,경기화성시
50588363,6G 저궤도 위성통신 시스템개발자 채용의 건,경기성남시 분당구
50837148,데이터분석 및 데이터엔지니어 채용(신입/경력),서울서초구
50953047,[정규직] AI 개발자,서울영등포구
50979253,[다산네트웍스] 전장연구소 SW 개발자 분야별 모집,경기성남시 분당구
51010050,SW 엔지니어 채용,경기성남시 분당구
51049170,개발자 3 ~ 15년차 경력채용,서울서초구
50978245,[정규직] Field Application Engineer (HIL) 신입/경력사원 채용,서울서초구
50928618,[뷰티/화장품/mixsoon] Global 사업본부 Data Analyst 채용,서울강남구
50958799,"Infra & Network Ops. Specialist (신입 가능, 정규 혹은 계약)",서울강남구
50985475,"[티맵모빌리티] 개발자 채용 (CE,BE,SE,DE,DA,모델링,개발PM)",서울중구
51025742,시스템 엔지니어 - 사내 시스템,경기성남시 분당구
51014346,Backend Engineer 인턴 채용(AI Product),서울영등포구
51025531,인프라 개발 경력직 채용,서울강남구
50949559,Junior Backend Application Engineer,서울서초구
50974088,클라우드 SE 신입 및 경력사원 채용,서울구로구
50999901,[빅밸류] 데이터 직무 채용(신입/전문연구요원),서울중구
50870820,데일리페이 Back-End 개발자 채용,서울마포구
50873156,빅데이터분석 및 딥러닝 부문채용,서울금천구
51024965,[AI연구소] 인공지능 모델 개발 연구원 채용,경남창원시
51050965,[클루커스] 클라우드 운영 (신입) 모집,서울강남구
50581642,[에스피파트너스] 빅데이터 분석가 채용,대구동구
50846529,API 보안 솔루션 구축 및 기술지원 엔지니어(SE),서울용산구
50961328,[신입] CDN 엔지니어 모집,서울강남구
51043830,[INEEJI] (주)인이지 프로젝트 수행 담당(PM) 채용,경기성남시 분당구
50812640,임베디드 S/W 개발자,서울강남구
50627342,[LS ITC] 경력직 수시채용,서울용산구
50662877,2025년 웹 개발 부문 공고,서울구로구
50880477,[인프라실] 클라우드 Managed 서비스 엔지니어 영입,경기성남시 분당구
50904408,[신입/경력] 핀테크 웹 개발자 모집,경기과천시
51012643,백엔드 개발자,서울강남구
51024835,데이터 엔지니어(DE) 신입사원 채용,서울송파구
50832272,[카카오자회사] DBA 영입,경기성남시 분당구
50839295,[제주페이&돌하루팡] 2025 개발팀 인재채용,제주제주시
50927133,[카카오자회사] 정보보안 담당자(인프라보안 및 침해사고 대응),경기성남시 분당구
50973603,[카카오자회사] Cloud Service QA Engineer,경기성남시 분당구
51028125,기업연구소 개발자 정규직 및 계약직 모집합니다.,대구수성구
51052567,[와이즈스톤] 테스팅 자동화 도구 개발자 채용(주35시간),경기과천시
51032217,[신입-인턴] 생성형 AI 엔지니어 - 세일링스톤 인턴 3기,서울강서구
51026429,[신입-인턴] BI 솔루션 개발 - 풀스택 - 세일링스톤 인턴 3 기,서울강서구
50623189,자동차부품연구소 설계/개발 연구소 연구원 경력사원 채용,경기안성시
50839249,웹 개발자 채용,서울금천구
50896586,[YG PLUS] IT 개발팀 : 웹개발자(경력),서울영등포구
50906804,국제 물류 시스템 백엔드 개발자,서울전체
50939485,산업 IoT 및 스마트팩토리 개발자 채용 #성수역-도보3분,서울성동구
50948873,[모핑아이] Junior AI 개발자 채용 (경력/신입),서울영등포구
51015508,[상시채용]Solution Engine Developer & Data Engineer,서울강남구
50946679,유니티 언리얼 개발자 (주4일 근무 - 격주),서울성동구
51012130,쇼핑몰/헬스케어 서비스 개발자,서울강남구
50849162,[스타트업/정규전환가능] 물류운영기획팀 ML파트 인턴 채용,서울성동구
50931511,[EBIT] AI Trainer(Data Labeler) - 개발자 모집,서울강남구
50944682,개발팀 사원 모집 공고,경기성남시 분당구
50992908,[CNAI] AI 비전 (개발) 신입 채용,서울서초구
50997437,[신입] Devops 개발 엔지니어,경기성남시 분당구
51022524,SW QA 경력직 담당자 채용,서울서초구
49129549,[SW] 프론트엔드 개발자 인턴 (정규직 전환 가능),서울영등포구
48594556,[SW] 백엔드 개발자 인턴 (정규직 전환 가능),서울영등포구
50826285,[웹개발] 마케팅 테크기업과 성장할 웹개발자 모집,서울성동구
51012485,[앱 개발] [웹 사이트 개발] 인하우스 개발자 채용 중,서울양천구
51011675,"일자리 매칭 AI 비서, 풀스택 개발자 채용",서울서초구
50647536,[백엔드 개발자] 백엔드/서버개발 경력직 모집,서울금천구
50649943,[(주)메디컬에이아이] 데이터팀 연구원 모집(정규직),서울강남구
50871655,함께 일할 신입 및 경력자 모집합니다.,전북전주시 덕진구
50895006,[마비노기 모바일] 게임 프로그래머,서울강남구
51016506,[신입급] 풀스텍 개발자 모집,대전대덕구
50970957,[클라우드] 인프라 엔지니어 채용,서울전체
50970960,[인공지능] LLM 개발자 채용,경기전체
51000652,대구 공공기관 방문해서 홈페이지 유지보수 월2회,대구달서구
50938434,[AI 기반 SaaS 서비스] 프론트·서버 개발자 모집,서울강남구
51027478,애드(addd) 웹 개발자 채용,서울강남구
51034661,[백엔드 서버개발] 경력직 채용 공고,광주동구
50663213,"[김.장 법률사무소] IT분야(IT개발, IT운영, 정보보안) 직원채용",서울종로구
50942689,아트만파트너스 Web 개발자(ERP 시스템 등) 모집 공고,서울강남구
50955014,백엔드 개발자 (전환형 인턴),서울강남구
50998610,[오픈갤러리] IT팀 개발자 모집(일반 채용/병특 보충역),서울성동구
51039755,[백엔드/프론트엔드 개발자] 경력직 채용,서울용산구
51050026,백엔드 엔지니어 채용,서울서초구
51002156,[국회의사당역 도보4분] 나이스평가정보 데이터분석 채용,서울영등포구
50977530,가천대 길병원 임상 빅데이터 연구원 모집,인천남동구
50929336,지니언스(주) 2025년 상반기 공개 채용,경기안양시 동안구
50886334,AI 인프라 엔지니어 모집,서울강남구
51004325,[경력] 클라우드(Cloud) 운영 엔지니어 모집,서울강남구
50941404,[2025 정식채용] Unity 프론트엔드 개발자 모집,서울구로구
50978434,이미지 프로세싱 알고리즘 개발 신입,서울강남구
50883899,개발자(백엔드) 모집 공고,경기성남시 중원구
50848255,[쿠팡풀필먼트서비스] Industrial Engineer 채용,서울송파구
50893412,eBeam System Engineer for R&D Extension 경력(3년 이상) 채용,경기화성시
50902768,지멘스헬시니어스(주)초음파사업부-Technician,경북포항시 남구
51003196,경영기획·관리,경기과천시
50974118,Workday HRIS Specialist,서울강남구
50933645,[바텍] 전문연구요원 모집(경력 무관 / 전직 가능),경기화성시
49149606,[컬리] 평택 물류센터 입고대행부서 데이터 담당자,경기평택시
50927000,국립암센터 AIㆍ통계 데이터사이언스 연구원 채용,경기고양시 일산동구
50558478,코스닥 (주)지아이텍 설계엔지니어(경력)/연구소(무관)채용,충남아산시
50990569,[안양외국계] LEAD Management Trainee Program - OPERATIONS,경기안양시 만안구
51035537,[데이트코스 1위 앱 데이트팝] 로컬영업팀 팀장(총경력 3년이상),서울서초구
51050874,연구소 연구 개발 부문 수시 채용,경기성남시 중원구
51050339,[웨스트월드] VFX 부문별 정규직 및 프리랜서(계약직) 채용공고,경기고양시 일산서구
51022800,디지털 마케터 신입 채용,서울강남구
51009266,[테라젠바이오] BI플랫폼부(생물정보학 분석가) 채용,경기성남시 분당구
50973811,데이터 분석 2팀 (영업지원) 모집,서울송파구
51043094,[연구개발 경력사원 모집] 심혈관 영상 기술 개발 연구원 채용,인천연수구
50621675,소자공정팀 채용 (신입),경기성남시 수정구
50730270,2025 브이스페이스 신입 및 경력직 채용공고-연구개발,경기고양시 덕양구
51003054,[퍼스트바이오테라퓨틱스] R&D 부설연구소 AI 연구원 채용,경기용인시 수지구
51008790,[현대차그룹 SPIN-OFF] Robot Control System 연구원,경기수원시 영통구
50824002,리깅 아티스트(캐릭터 TD) 인력 채용,서울마포구
50980626,메디컬아이피 분야별 채용,서울종로구
50973691,[일본근무] 설계 개발 엔지니어 J039,
51012382,[이차전지 전문기업] 2025년 연구팀 R&D 연구원 채용,부산기장군
50809737,(주)아이노클 2025년 연구원 채용,서울성북구
51037735,[유명바이오/업계대우 ]신약개발 AI 플랫폼(AlphaFold등) 모델링,서울용산구
50843946,여성패션기업 (주)비케이피(신규브랜드) : 운영기획팀,서울마포구
51012247,영어 능통 사무직 채용,서울강남구
51043786,[팩트블록] Service Manager(서비스 운영기획),서울서초구
50821729,KREAM 검수센터 데이터 분석 및 리포트 담당자,서울송파구
51014645,[국책과제 연구비정산/행정] 경력직 채용,서울용산구
51036174,연세대학교 양자사업단 산업혁신기반구축사업 개발연구원 채용,인천연수구
51052519,Bioinformatics(생물정보학) 연구원 채용,서울송파구
50999482,CTR 부문별 경력직 채용 (서울),서울동작구
51024390,경영기획 경력직 채용,서울서초구
50913631,"스포츠 데이터 운영(수집,기획,가공,분석) 담당 채용",경기성남시 분당구
50853848,[인천 송도 근무] 마케팅 일반 사무직 채용,인천연수구
50944519,25년도 주식회사 케이대응로봇 하반기 정기채용 공고,대전유성구
50751709,[여가부 국비무료] 영상기획&제작 전문가 훈련생 모집,서울동대문구
51050102,콘텐츠 기획/운영 채용[신입],서울종로구
51050091,콘텐츠 기획/운영 채용[경력],서울종로구
50954228,당사 디지털/AI솔루션 운영/기획 담당자 채용 Mo6Q,서울영등포구
50933538,[서울/중구] AI 데이터엔지니어(5개월/단기) 모집,서울중구
50848560,데이터 사이언티스트 (Data Scientist) 채용,경기전체
51000102,데이터 사이언티스트(3년이상),서울중구
50931048,자율주행 제어/운영 프로그램 개발 경력직 채용,경기수원시 권선구
50945224,[자율주행/서울] Robotics SW Engineer (ROS),서울성동구
50835055,S/W개발,경기전체
50992214,S/W개발,경기전체
51000064,㈜이노룰스 AI/ML모델러 경력직 채용,서울송파구
51024635,AI영상처리&머신비전 알고리즘,경기안양시
51024613,리눅스 응용어플리케이션개발,경기안양시
51024644,Embedded 보드 AI S/W개발,경기안양시
50991531,부설연구소 3차원 비전 솔루션 개발,대전유성구
50932498,인공지능/머신러닝 솔루션 경력 (2년↑),서울전체
50959547,음성개발 채용,서울서초구
50960012,[반도체 기업] IT Application 운영 담당자,서울강남구
50992312,AI Agent Engineer 정규직,서울성동구
50669565,[LF 계열사] 트라이씨클 IT지원본부 MIS 담당자 인재 영입,서울서초구
50586870,[한국갤럽] 웹개발자 정규직 채용(경력),서울종로구
50908036,[Infra Div.] Publishing Tech PM,서울강남구
50568196,[칸타코리아] 월드패널 사업부 Data Quality Analyst,서울영등포구
50581604,(주)리더스시스템즈 개발자 신입 및 경력 모집,경기하남시
50835058,Software Developer,서울강남구
50837685,개발자 채용,서울강남구
50839350,[링크프라이스] 개발본부 본부장(총괄관리자)/경력채용 10년이상,서울금천구
50859276,AI 로보틱스 SW 품질 QA 담당자,서울강남구
50992490,AI 로보틱스 2D/3D Vision 개발자,서울강남구
50992494,Robot Multi Modal Learning Engineer,서울강남구
51035050,[미래컴퍼니/용인] ToF 3D Depth Camera - AP엔지니어,경기용인시 기흥구
51035057,[미래컴퍼니/용인] ToF 3D Depth Camera - FPGA,경기용인시 기흥구
50812700,유전자검사 연구원 모집(BI),대전유성구
50882291,엔진기술연구팀 AI/ML엔지니어 채용,서울전체
50905742,웹개발자 모집,서울금천구
50913500,[컬리] 평택 물류 센터 출고 데이터 담당자,경기평택시
50906600,Vision 검사 연구·개발 연구원 채용 (신입/경력),경기성남시 분당구
50925831,자동화장비 Siemens PLC 엔지니어 채용,경기수원시 권선구
50977456,프라이빗 클라우드 제품 개발,서울전체
50978304,수원) SW 테스트 엔지니어(QA) (1~3년),서울전체
50987554,장비 제어 소프트웨어 엔지니어,대전전체
51025997,ADC(L4-L7 스위치) 애플리케이션 개발,서울전체
51043780,애플리케이션 및 클라우드 개발 (전문연구요원),서울전체
51043790,어플리케이션 및 클라우드 개발,서울전체
51050548,데이터 분석 플랫폼 개발자(경력 6~10년),서울전체
50823945,Druginfo에서 함께 성장할 개발자를 찾습니다.,서울서초구
50908099,[대구] 소프트웨어 개발자 채용[경력],대구전체
50943216,[LG CNS] AX 전 분야 전문가 모집(Data Engineer),서울강서구
50960131,AI 시스템 개발 및 AI 프로젝트 관리,서울마포구
51011154,[대구] 데이터 관리자 채용[경력],대구전체
50905794,ITSM 구축 PM&PL 엔지니어,서울전체
51004559,소프트웨어 엔지니어 (경력 / 대구 근무),대구전체
51004572,자율주행 차량제어 엔지니어 (전문연 지원 가능),서울강남구
51004554,자율주행 임베디드 SW 엔지니어(전문연 지원 가능),서울강남구
51004569,자율주행 경로생성 SW 엔지니어(전문연 지원 가능),서울강남구
50826788,백엔드&AI (Spring / LLM),경기성남시 수정구
50848721,IT/AI부문(전문연구요원 포함)경력(1~3),서울종로구
50873874,CA/RA 개발자 신입 모집,서울서초구
50976063,AI 연구원 (3~9년),경기전체
50974810,AI 서비스 개발,경기전체
50985923,[알고리즘 개발팀장] AI비전검사솔루션/컴퓨터비전/딥러닝,경기성남시 분당구
50612482,[슈퍼센트] AI 기술 리서치 (인턴),서울송파구
50821585,기술연구소 정규직(신입/경력)모집 공고,대전대덕구
50575887,[MOBYUS] 통합 관제 프로그램 개발 및 운영 (경력),부산강서구
50715245,[넛지헬스케어] 데이터분석가 - 석사/박사,서울강남구
50905972,Field Application Engineer (HIL) 신입,서울서초구
50939107,(주)NSHC 위협분석 연구소(ThreatRecon) 경력 개발자 채용,서울금천구
50958131,AI 개발경력자 채용,서울구로구
50985259,AI 응용프로그램 경력 개발자 채용,광주동구
50991398,[중외정보기술] AI기반 솔루션 관리 및 운영지원 담당자 모집,경기과천시
51021689,(주)ATG 개발자 경력직 채용 (대전),대전유성구
51027695,인공지능 비전모델 개발 연구원 구인,대구수성구
51023116,ML엔지니어 모집(전문연구요원),경기과천시
50868708,AI Engineer(Field Engineer),경북포항시 남구
51004978,생성형 AI 개발자 영입,서울서초구
50953982,위성영상 분석/활용 스페셜리스트,대전유성구
50735444,[서울/경력 5년 이상] 데이터분석팀- 데이터 엔지니어,서울강남구
50826181,[인천/업계상위/정규직] 로봇 AI 개발자 채용(1년 이상),인천부평구
50835959,반도체 TEST 프로그램 개발 (경력),경기평택시
50848951,[정규직/제조업/상장사/연봉상향] 컴퓨터 비전 개발 채용,경기성남시 분당구
50873253,[연구소] 리눅스 기반 시스템의 소프트웨어 개발 연구원 모집,경기안양시 동안구
50956217,딥러닝 소프트웨어 개발자 채용,경기전체
50977902,SW개발(알고리즘) 엔지니어 경력직 채용,경기성남시 분당구
51000181,PHP 기반 풀스택 웹개발자,서울중구
51022736,[내일배움캠프] 온라인 튜터 (퍼포먼스 마케터),서울강남구
50855708,AI 연구개발자 (석사),경기전체
50930451,[4.5일제/유연근무제] 바이오인식/딥러닝/OCR 알고리즘 개발자,서울송파구
51042900,[위즈베라/AI] AI 연구소 경력 연구원 채용,서울성동구
50635051,정보 보안 엔지니어,서울서초구
50833893,자율주행 로봇 개발자,경기전체
50833889,실내 내비게이션 연구/개발(전문연구요원가능),경기전체
50833887,빅데이터 개발자(전문연구요원가능),경기전체
50875267,[신입 및 경력] Solution/SW 개발자 채용(장애인 전형),서울강남구
50918576,[플랜아이] AI 개발 엔지니어 채용,대전유성구
50930040,[테크사업부] 백엔드 개발자 채용,서울강남구
50945139,[플랜아이] 백엔드 개발 엔지니어 채용,대전유성구
50600018,[안리쓰코퍼레이션] 기술지원그룹 SW팀 인재 채용,경기과천시
50896803,[AI Agent 구축] AI 개발자(서울),서울전체
50957444,프런트엔드 개발 경력자 채용,대구수성구
50616573,2D/3D Vision 및 AI SW개발 프로그래머 채용[세종],세종특별자치시
50627824,[미소정보기술] 웹 개발 경력자 모집(10년 이상),경기과천시
50636470,[MDS인텔리전스] SW분석솔루션 기술엔지니어 채용,경기성남시 분당구
50871729,JavaScript 프론드엔드 개발자 채용,서울전체
50990554,병원용 모바일 서비스 개발자(풀스택)및 관리자(차/부장급),서울전체
51042569,[케이씨넷] 관세행정 빅데이터 개발자 계약직 채용,대전서구
50741331,제어 프레임워크 개발 엔지니어 채용,경기안산시 상록구
50810276,레이더 펌웨어(F/W) 개발 경력/신입 채용,경기군포시
50820094,[일진그룹] 초음파 의료기기 SW개발 (엔지니어 / 임상 등) 채용,서울강서구
50821909,Cloud Engineer 채용,서울강남구
50741306,액추에이터 펌웨어 개발 엔지니어 채용,경기안산시 상록구
50914400,Backend Engineer (Backend 엔지니어),서울강남구
50946899,Back-end Engineer 경력직 채용,서울서초구
50976744,데이터 엔지니어 채용,경기과천시
51050858,[Flask] [C# 개발자] 경력직 채용 공고,경기평택시
50905782,[국비무료 IT취업과정] 풀스택 개발자(프론트엔드+백엔드),서울강남구
50931321,드론 AI S/W 개발자 경력,대전유성구
50915912,통합 물류 자동화 시스템 개발자,인천연수구
50911935,S/W 개발 엔지니어(사원~선임),경기성남시 수정구
50413155,"[81%취업] 빅데이터,AI 무료취업과정 모집!",광주남구
50745445,[SIIC 부산센터] 자동화 담당자 채용,부산부산진구
50606248,인공지능(AI) 및 빅데이터 전문가 모집,전북전주시 덕진구
50897130,Deep Learning Research Engineer,서울강남구
51020429,Dev Ops Engineer(주3일 재택 가능),서울영등포구
50857325,디지털헬스케어 플랫폼 AI 엔지니어,경기전체
50943994,임베디드 개발자 신입 채용,서울강서구
50958804,[바이렉스] 머신비전 기술 엔지니어 채용,경기안양시 동안구
50959729,인공지능(AI) 엔지니어 신입 채용,경기전체
50959858,메세징 서비스 개발자 채용,서울강남구
50989908,"Vision Engineer 경력채용 (연봉 1억 이상, 협의가능)",부산사상구
50999697,웹 풀스택 개발자 경력직 채용,서울강서구
50999644,클라우드 엔지니어 경력직 채용,서울강서구
51014873,[인공지능솔루션] Backend Engineer,서울강남구
51014871,[인공지능솔루션] Data Scientist,서울강남구
51050748,머신 비전 개발자,서울전체
50833747,IT운영,경기전체
50861699,"AI, 딥러닝 솔루션 개발 연구원 모집",경기고양시 덕양구
50957972,항공 및 로보틱스 엔지니어,서울전체
50955987,[패션중견기업 이커머스자회사] 백엔드개발 채용,서울성동구
50970491,[노츠] 자동화 테스트 엔지니어 모집(마곡),서울성동구
50978291,시스템 소프트웨어 엔지니어 경력 채용,서울전체
50988193,QA Engineer(계약직),경기전체
51023898,AI 엔지니어,서울강남구
51024169,Django Back-end 개발자 [CTO],부산전체
50740527,노지자율주행 (자재운반) 로봇플랫폼 SW (ROS2) 개발 팀원 채용,충남천안시 서북구
50819718,[솔루션] 백엔드 개발자 모집(C#),서울강남구
50907711,AI 소프트웨어 개발자 모집 (신입/경력무관),대구달서구
50958950,[Hi:us]연료전지 시스템 개발자(신입/경력) 채용,울산남구
50987247,[모핑아이] AI Robotics Engineer 경력 채용 (기획/개발),서울영등포구
51010870,AI LLM MCP Agent 연구원 - 인공지능 개발,서울서초구
51013999,[오프너드] Elasticsearch 엔지니어 채용 (신입 ~ 경력 5년),서울중구
51038888,AI 에이전트 엔지니어 JD (5년~10년차),경기오산시
51039880,AI 에이전트 엔지니어 (5년~10년차),경기전체
51038992,AI 에이전트 엔지니어 JD (3년~5년차),경기오산시
50844520,백엔드 개발자 모집,서울관악구
50882780,[잠실 IT 기업] System SW 개발 검증 Position,경기화성시
50971404,개발 담당자(경력),서울강남구
51015928,수요예측/데이터 분석 전문가(중/고급),서울서초구
51023372,Data Engineer(주임 ~부장: 대형SI기업),서울강서구
50856136,딥러닝 추론 최적화 개발자,서울서초구
50856380,시스템운영/테스트및관리(신입),경남전체
50856142,System Engineer,서울서초구
50856046,임베디드 엔지니어 모집공고(위플랫),대전유성구
50857172,Technical Support 엔지니어 주니어 채용(대전),대전전체
50859936,AI 개발 및 데이터 분석 연구자(1-3년),부산전체
50856123,Deep Learning Engineer,서울서초구
50856139,Perception Engineer(자율주행 인지),서울서초구
50873331,웹 서비스 개발 경력 사원 채용,대구남구
50881449,Quality Engineer(신입 ~ 4년 경력),서울서초구
50907672,[정규직] 차량 제어시스템 SW 개발자 채용,경기안양시 동안구
50984779,발급서버 및 보안암호 개발자 채용,서울강남구
50975082,자율주행 SW 경력직 개발자 채용,서울강남구
51004538,Data Analyst,서울강남구
51013802,"AI 기반 B2B SaaS 스타트업, 백엔드 개발자 채용 (초기 멤버)",서울광진구
51016385,[AI 스타트업 랭코드] C#(ASP.NET Core) 백엔드 개발자 영입,서울서초구
50826755,2025년 자이온 솔루션 엔지니어 채용,서울강남구
50859134,자율주행 개발자(신입~3년차),경기전체
50885815,"초중고 코딩 교육, AI 융합 프로젝트 코칭, 기획 연구원 (경력)",서울송파구
50914356,Sensor Fusion 엔지니어 신입/경력사원 채용,대구북구
50944536,SI 개발 PM,서울마포구
50944541,SI 개발,서울마포구
50944449,[정규직] AI 분야 연구개발 소프트웨어 (S/W) 경력 모집 공고,대전유성구
50971860,System S/W 개발자 (시스템 소프트웨어) 경력직 채용,경기성남시 분당구
50975904,단백질 서열 및 구조 생성 모델 연구자,경기전체
51037914,[노르마] 양자분야 QPU설계 인턴 모집,서울성동구
51037905,[노르마] 양자분야 양자기계학습 인턴 모집,서울성동구
51051578,자율주행 개발자(신입~3년차),경기전체
50835923,품질관리 보안솔루션 QA 담당자 모집,서울마포구
50897629,R&D 부문 신입사원 채용,서울강남구
50949301,프로덕트 엔지니어 (백엔드),서울관악구
50960773,[전문연구요원]AI엔지니어-Product,경기전체
50974830,Motion Planning/Control Engineer,서울전체
50975828,풀스택 소프트웨어 엔지니어(AI),서울강남구
50987745,보안관제 개발,서울마포구
51003255,[경력] Java 풀스택 개발자,경기전체
51040099,Computer Vision / Machine Learning 소프트웨어 개발자 채용,서울강남구
51043017,[KREEMO 동탄] 임베디드 펌웨어 개발자 (사원/대리급) 채용 공고,경기화성시
51051555,AI 기술 개발자,서울강남구
50560906,[(주)글로비트-AI기술연구소]AI개발자/SW개발자 채용,제주제주시
50810993,마켓빌리 SI/SM 프로젝트 정규직·프리랜서 개발자 모집,서울구로구
50849631,인프라 경력사원 채용 (9년↑),서울중구
50848320,데이터 분석 엔지니어 (반도체) 채용,서울강남구
50975057,[SOOP] 대용량 데이터 엔지니어,경기성남시 분당구
50977860,[SOOP] 데이터 아키텍처 (DA),경기성남시 분당구
51009604,[DX] 엔지엘 기업부설연구소 3D 모델링 개발자 모집,부산동구
51023993,[대기업자회사/스마트물류기업] 물류 시뮬레이션 엔지니어,서울중구
50846498,(주)브랜뉴닷컴 경력 웹개발자 모집,서울금천구
50871746,플랫폼 서비스 개발자 채용,서울전체
50933927,능력있는 백엔드 개발자를 모십니다(경력),서울서초구
50992263,머신러닝 데이터 사이언티스트,서울중구
50998245,2025년 기업부설연구소 AI 챗봇 개발자 채용,부산해운대구
50942940,영상처리 개발자를 모집합니다.,대구북구
51001009,컴퓨터비전 엔지니어 채용,서울강남구
51001000,AI 백엔드 시스템 엔지니어 채용,서울강남구
51001007,데이터 엔지니어 채용,서울강남구
50895371,이커머스 비즈니스 애널리스트[대리급],서울용산구
50907153,헥토 그룹 AI전문인력 (AI기획/AI개발) 신입/경력직 채용,서울강남구
50819089,생성형 AI/LLM 엔지니어,서울강서구
50975167,비전설계(검사자동화),경기수원시 권선구
51050061,[전액국비지원] 일본 IT 개발자 & 일본 호텔리어 연수생 모집,서울영등포구
50941763,S/W 개발 엔지니어 경력무관 채용,경북구미시
50948574,LLM Research Engineer,서울강서구
50949662,Senor Calibration engineer 채용,충남천안시 서북구
51001033,이미지 생성AI 전문 AI/DL 엔지니어,서울마포구
51038206,소프트웨어 엔지니어(AI),서울마포구
51050618,소프트웨어 엔지니어 (Backend),서울마포구
51004495,AI 비서 어플 개발 엔지니어 채용,서울전체
51004500,[VOYAGER] AI 엔지니어,서울전체
50659885,개발팀 및 경영지원 경력 채용,서울서초구
50733248,[AI플랫폼] 크롤링 전문가,서울강남구
50884817,JAVA/Script 설계 & 개발자 모집,서울마포구
50913249,함께 성장할 MLOps 엔지니어 (초빙),서울강남구
50945965,웹개발자 모집공고,서울영등포구
50955339,코딩 및 로보틱스 강사 분야별 채용,서울강남구
51013791,[한화솔루션/큐셀] 판교사업장 SW개발(AMR) 경력사원 모집,경기성남시 분당구
51050646,Platform Development Engineer,서울전체
51036612,로봇 의료기기 기업에서 로봇 S/W 엔지니어를 모십니다.,서울서대문구
50820792,자율주행 로봇 AMR 개발자 연구원(주4일),경북구미시
50942213,기업용 소프트웨어 개발 내부 개발자(재택근무),경기전체
50959578,IT Application 개발/운영 담당자 채용,서울광진구
50958154,[플레이콘] 개발자 모집,제주제주시
50971143,[AI Engineer] AI 엔지니어 채용,서울중구
50989777,산업 자동화 UI/데이터 통합 신입 개발자 모집,경기부천시 원미구
50998953,Software Engineer (신입-과장급) - 외국계 의료기기 회사,서울강남구
51022639,주식회사 이노렘 데이터 엔지니어 채용공고 (신입),서울종로구
51011177,주식회사 이노렘 프로그램 개발 채용공고 (신입),서울종로구
51012263,AI 및 라이브 기반 반려동물 양육 플랫폼 데이터엔지니어 채용,서울강남구
51026670,웨어러블 로봇 알고리즘 개발자,경기전체
51050000,AI연구원 - 바이오인포매틱스 스타트업,경기과천시
50832432,의료영상 기반 AI 알고리즘 및 시스템 개발자 채용,서울서초구
50845902,[원프레딕트] DS(Data Scientist),서울강남구
50874102,C++ Application 개발자 채용 (삼성동 근무),서울강남구
50903628,IC 설계자동화 (EDA) 아날로그 모델링 및 검증 전문가 채용,서울서초구
50907928,AI 최적화 Researcher 채용,서울강남구
50907920,Runtime 소프트웨어 엔지니어 채용,서울강남구
50916113,[NICE 지니데이타] 신용평가/리스크 모델 개발 인력 채용,서울영등포구
50987975,Full stack(풀스택) 개발자 모집[9년 이상],대전전체
50987081,[의료영상 인공지능] 개발자 정규직 채용,서울서대문구
51002870,NICE 지니데이타(주) 데이터 엔지니어 모집,서울영등포구
50992095,Machbase DBMS 기술지원 개발자 모집 (경력),서울강남구
51015917,ktds 고객지원 포탈 고도화 개발자,경기전체
51023023,[아렌시아] CEO Staff / 데이터 개발자,서울강남구
51009985,포인드(주) 인공지능·딥러닝 개발자(신입) 채용,경북구미시
51011182,백엔드 개발자 채용,서울마포구
51012550,목동 컴퓨터 코딩 교육강사 모집(주3~5일),서울양천구
51051075,B2B소프트웨어 DevOps 운영팀(3~7년),서울성동구
51051709,혈액 감별 의료기기 알고리즘 개발자 [전문연구요원],경기전체
50848471,[글로벌 반도체장비본사] Software Application Engineer 채용,경기성남시 분당구
51015260,솔루션본부 경력직 개발자 채용,서울강남구
50835843,응용프로그램(C++)경력직 채용,경기안양시
50992828,AI Dubbing Product Owner (경력),서울서초구
50972687,의료기기 소프트웨어 개발 엔지니어,서울금천구
50894896,ai 개발자,서울전체
50883062,[클로봇] 로봇 필드 엔지니어 채용,경기성남시 중원구
50998887,[AI연구원] Software QA Engineer,서울강서구
50998709,[AI연구원] Machine Learning Engineer Internship,서울강서구
50978049,Abaqus 구조해석자,인천연수구
51008857,2025 MBC 하반기 경력사원 공개채용(Embedded SW개발),서울마포구
51009182,메타버스 UNITY 개발자 모집,인천남동구
50568597,(주)샌즈랩 사이버보안 분야 AI기술 개발 책임연구원 채용,경기과천시
50976814,공공 부문 SI 사업 PM 모집 (대전),대전유성구
50976802,공공 부문 응용시스템 JAVA 개발자(경력 3년 이상) 모집,대전유성구
51043783,WEBFRONT-K GUI 개발,서울전체
50943379,[LG CNS] AX 전 분야 전문가 모집(AI Engineer),서울강서구
50945407,AX 전 분야 전문가 모집,서울강서구
50954657,의류제조시스템 AI 모델 적용 개발자 경력,서울마포구
50987670,[SNOW] Graphics 엔진 개발자,경기성남시 분당구
50667251,전산실 경력자 직원 채용,경기화성시
50931292,[LG CNS 자회사] AI 엔지니어 [PM/PL] 채용,서울강서구
50948984,[1000대기업] SAP CO 운영 및 개발(ABAP우대),서울중구
50945358,[상상스토리] 공공기관 시스템 개발/유지보수 경력개발자 채용,서울구로구
50998028,[대기업] 리튬이온배터리 BMS SW개발(C언어/펌웨어),대전유성구
50998036,[안양/연8000까지협의] 와이파이 SW개발(C언어/임베디드리눅스),경기안양시 동안구
50545797,C/C++ 미들웨어 개발자,서울강서구
50713615,[뉴로메카] 자동화장비 개발 및 제조기술 경력자 채용(포항지사),경북포항시 북구
50823780,[뉴로메카] 자동화장비 개발 및 제조기술 경력자 채용(천안지사),경북포항시 북구
50941651,"브이텐시스템 머신비전, MFC, C, C++ S/W 개발자 채용(신입)",경기오산시
50948367,[AI연구소] AI연구-Computer Vision AI,서울전체
50918340,[에이아이매틱스] 임베디드 시스템 개발자 채용,경기성남시 분당구
50612548,"[백엔드] 인프라 디바이스 개발자 채용 (신규, 경력 무관)",경기의왕시
50850177,[정규직/상장사/중견기업] Cumputer Vision 연구개발 팀장 채용,경기성남시 분당구
50854074,"[AI] 챗봇, 자동화 서비스 개발",울산남구
50871939,[정규직/코스닥상장/커리어점프] 네트워크 필드엔지니어 채용,서울구로구
50870644,"기구,전장설계, SW,CS 분야별 인재를 모십니다.",경기안산시 단원구
50885650,[포항/서울] 이리온 자율주행 서빙로봇 SLAM 개발자 정규직 채용,경북포항시 남구
50893679,[정규직/상장사/로봇산업] 임베디드/펌웨어 SW개발,대전유성구
50945239,(QA) SW 테스트 분야 정규직 채용 공고,경기성남시 분당구
50945655,기술연구소 연구원 모집(인공지능 영상처리 및 자연어처리),대전유성구
50958319,[정규직/코스닥상장/대전] 3차원 비전 솔루션 개발 경력 채용,대전유성구
50977844,설비 운용 SW개발자 경력직 채용,경기화성시
50616900,[아정당] LLM 프롬프트 엔지니어,서울강남구
50719050,[더아이엠씨] 로봇 설계/제작 엔지니어,대구수성구
50719121,[더아이엠씨] 로봇 SW 개발자,대구수성구
50868977,[Salesforce 업계 1위] 세일즈포스 경력직 상시 채용,서울마포구
50906577,"타이아(주) 기술연구소 DT 개발자(언리얼,유니티) 채용공고",광주광산구
50945575,새빛기술(주) 분당 부설연구소 정규직 직원모집,경기성남시 분당구
50946072,새빛기술(주) 소프트웨어 개발자 채용,대전유성구
50557773,(주)카라멜라 AI 개발자 채용,광주남구
50897011,시스템 구축 백엔드 개발자모집,부산연제구
50999096,[특수목적용 전문서비스 로봇 강소기업] 전략기획실 경력직 채용,대구수성구
50880328,[MDS인텔리전스] SW분석솔루션 기술 영업 채용,경기성남시 분당구
50916827,배포 관리 & 이관 담당 엔지니어 채용의 件,서울구로구
50914318,프론트엔드 개발자 경력직 채용,서울성동구
50957235,[(주)멋쟁이자사처럼] KDT AI서비스기획 개발 부트캠프 보조강사,서울종로구
50957140,[(주)멋쟁이자사처럼] KDT 그로스마케팅 부트캠프 보조강사,서울종로구
51013742,비행 알고리즘 개발자 채용,경남진주시
50976962,"AI, 머신러닝, 데이터 분석가 및 이미지 분석가 등 경력 채용",서울강남구
51003341,AI Researcher(LLM) 채용,인천연수구
50970366,SoC개발 (10~14년),경기성남시 수정구
50976823,리눅스 커널 시스템 프로그래머 채용,경기성남시 수정구
50970373,SoC개발 리드(15년↑),경기성남시 수정구
50809114,웹 개발자 채용,대전유성구
50926857,[대구] 솔루션 개발자 경력직 채용,대구북구
50669216,SW 공급망 보안 기술 영업 엔지니어 모집 (신입/경력),경기성남시 수정구
50997796,2025년 2차 직원(정규직_관측사) 공개채용,경남거제시
50555763,"차세대 정보보안솔루션 경력개발자(JAVA, C)",서울강남구
50577919,[경력/신입] 영상처리/인공지능 소프트웨어 개발자 모집,서울금천구
50678366,"소프트웨어 개발자(프로그래머) 모집( 대전,구미,창원)",경남창원시
50927909,"코딩/스크램트/프로그램개발/C 언어 활용능력자 신입,경력모집",경남함안군
50925847,[경력] 모바일 솔루션 개발 및 운영,서울영등포구
51004456,(대구) 머신비전 및 마킹사업부 엔지니어 모집,대구수성구
50808436,웹/ C#/ 제조데이터 분석/ MES 개발자&전공자 모집 (신입),대구달성군
50860666,2025 상반기 정보보안/솔루션엔지니어 및 개발 外 채용 공고,서울중랑구
50883339,[임베디드] 펌웨어 개발자 모집,서울강남구
50928117,[신입/경력] 소프트웨어 시스템 개발자 채용 공고,경남진주시
50930816,[Flutter] B2B SaaS 서비스 카택스에서 APP 개발자를 모십니다,대구달서구
51022521,영상처리 소프트웨어 개발 연구원 채용,서울강남구
50517273,[네이버] KREAM Service Backend 개발자 모집,경기성남시 분당구
50945963,강릉 자율주행 시스템 오퍼레이터 신입(경력)직원 채용,강원강릉시
50946415,[KSTEC] AI 및 최적화 Optimization 컨설턴트 신입사원 모집,경기성남시 분당구
51023285,AI Appl 개발자(주임~부장: 대형SI기업),서울강서구
51023313,AI 분석/설계 담당(주임~부장: 대형SI기업),서울강서구
51040841,[PHP 경력] 유지보수 개발자 모집,경기성남시 중원구
50804189,"[OFN] 글로벌 콘텐츠 플랫폼, 안드로이드 개발 모집",서울중구
50742124,HW 개발자 채용(신입가능),서울서초구
50873907,음성인식 AI 혁신을 이끌 [NLP 엔지니어] 모집,서울강남구
50873931,음성인식 AI 혁신을 이끌 [프론트엔드개발자] 모집,서울강남구
50873924,음성인식 AI 혁신을 이끌 [AI 엔지니어] 모집,서울강남구
50873912,음성인식 AI 혁신을 이끌 [백엔드 개발자] 모집,서울강남구
50885117,(주)에이비스 솔루션 엔지니어 신입/경력 채용,서울강남구
50932743,[Flutter] 프론트엔드 개발자 채용공고,서울관악구
50947853,(주)로그스크랩 부분별 채용(게임개발/그래픽디자인/마케팅),인천연수구
50947887,(주)로그스크랩 부분별 채용(게임개발/AI 그래픽디자인/마케팅),인천연수구
50948599,ADAS NPU AI SW Engineer,경기전체
51003700,[NPU] System SW Engineer,서울강남구
51026519,딥러닝 / 이미지 프로세싱 연구 개발,서울전체
50880534,"[제이엔제이테크] 연구소 ( S/W, F/W, H/W ) 채용",경북구미시
50678918,[연구소] 전자/정보통신 관련 연구개발 경력직 모집,대구동구
50957520,"[C#] 응용소프트웨어, 웹, 인공지능 등 개발자 채용",서울송파구
50959645,AI Research Engineer - LLM,경기전체
50960612,AI Research Engineer - Product,경기전체
50959619,클라우드 솔루션 아키텍트 - GenAI(글로벌),경기전체
50975512,"ML Engineer (Embedded,8~10년)",서울전체
50975510,"ML Engineer (Embedded, 5~7년)",서울전체
51039458,공초점 현미경 시스템 설계 및 개발 연구원(병역특례가능),대전중구
45987137,[전액국비] Ai 빅데이터 (백엔드/프론트엔드)개발자 취업특화훈련 모집,부산동래구
50915236,[금융SI] PM/PL 경력직 인재를 모십니다.,경기하남시
50977874,[SOOP] MSSQL DBA,경기성남시 분당구
51011739,[(주)뷰리드] 백엔드 개발자 경력 모집,서울강남구
50819870,[경력] Java 백엔드 개발자 정규직 채용,서울성동구
50998103,"(프로그래머 모집) 로봇 자동화 시스템, 응용 소프트웨어",대구북구
50670128,연구 개발 게임 프로그래머,서울강남구
50620832,[데이터마이닝] 생성형 AI 연구개발,서울강남구
50971369,AI 풀스택 개발자 구인,세종특별자치시
51013300,"[C언어] 여의도 우리투자증권 개발 및 운영 C, C++",서울구로구
50855005,Digital IC Designer 채용,경기성남시 수정구
51042809,컴퓨터 그래픽스 프로그래머,경기성남시 분당구
50871780,채용 연계형 AI 개발자 부트캠프 교육생 모집,대구전체
50810909,[서울시 지원 무료교육] AI Agent 개발자 훈련생 모집,서울동대문구
50755824,IT[AI·SW] / 품질관리[바이오·이화학] 취업실무교육 모집,경기성남시 분당구
50809473,레고 로봇코딩 강사 채용,인천연수구
50981358,[인베랩] SaaS 서비스 풀스택(Full stack) 개발자 채용,서울관악구
51048716,하반기 하드웨어 기구 설계 엔지니어 채용(경력),서울강남구
51048870,판교 위치 대기업계열 IT 기업 클라우드 백엔드서비스개발,경기성남시 분당구
50813861,[스타랩스] 웹개발자 초/중/고/특급 채용,서울강남구
50690617,홈페이지개발,인천남동구
50948438,"[SK hynix관계사] QA 채용 (반도체 QA, 제조업체 유경험자)",경기수원시 영통구
51004581,알고리즘 개발자 신입 채용,인천계양구
50609439,flutter 개발자 모집,서울서초구
50820686,"회로, PCB, 펌웨어, 임베디드 시스템 개발자 연구원(주4일)",경북구미시
50597243,[주식회사 이스트] 자동화 및 시스템 개발 PM 부문 경력 채용,대구달서구
50891748,인공지능 교육 강사 채용,서울동대문구
50903949,[미래산업] 소프트웨어(비젼) 개발 연구 인력 채용 (신입/경력),충남천안시 서북구
50934776,[화성] 딥러닝 기반 영상처리 / 비전제어 경력자,경기화성시
50993941,[ Data Engineer ] 국내 1위 채용관리 솔루션,서울강남구
50553461,그린컴퓨터아카데미 자바/웹개발 강사 채용,울산남구
50576863,펌웨어 및 하드웨어 개발자 경력직 채용,서울영등포구
50812383,[일본 동경 시마네현] IT 프로그래머web개발 엔지니어,일본시마네
50901851,[원프레딕트] MLOps Engineer,서울강남구
50907924,AI 컴파일러 엔지니어 채용,서울강남구
50999178,IT인프라 네트워크 보안 엔지니어 모집,경기평택시
51021915,소프트웨어 개발자 모집 (상시 모집),대전유성구
51039183,IT서비스 및 시스템 운영 담당자 채용,서울구로구
51053302,Machine Vision 영상처리 개발 모집,서울금천구
51053295,Machine Vision 영상처리 개발자 모집,서울금천구
50735762,[LINE PLUS] Network Engineer (Office Network),경기성남시 분당구
50690756,[두나무] Backend Engineer (콘텐츠/검색 서비스 개발),서울서초구
50980203,"[아이티센클로잇] 클라우드 엔지니어,아키텍트",서울서초구
50906112,[NC] 데이터플랫폼 웹/모바일 서비스 개발자 모집,경기성남시 분당구
50976250,"[NC_NC AI][단기계약직] NLP 데이터 분석, 처리를 위한 개발자 (언어공학자) 채용",경기성남시 분당구
50896934,랭그래프 개발자 채용(신입),경기성남시 분당구
50896957,랭그래프 개발자 채용(경력),경기성남시 분당구
51010395,[GS계열사] 자이에스앤디(주) 시니어 풀스택 개발자 채용,서울중구
50756130,충북대학교병원 국책과제 연구원 채용공고(백엔드 개발자),충북청주시 서원구
50734720,[메타빌드] 사업수행/기획지원 및 AI 제품 개발자 모집,서울서초구
50946234,[미리캔버스] 데이터 사이언티스트 (Data Scientist),서울구로구
50990137,[커넥트웨이브] 시스템 엔지니어(5년 이상),서울금천구
50913537,스마트공장팀 AI알고리즘개발자(경력) 모집,부산사하구
50934448,[명동]AI Tech 스타트업 기업 AI Agent Developer 채용 (재택有),서울강서구
50980006,[롯데이노베이트] 보안 PJT계약직 채용,서울영등포구
50756253,[NHN Cloud] 플랫폼 운영,경기성남시 분당구
50588245,[의료IT 1위 이지케어텍] AI 개발자 채용,서울중구
50806801,[예스24] 시스템팀 SA 채용,서울영등포구
50678164,[인피닉]AI연구소 엔진기술연구팀 AI/ML엔지니어 채용,서울강남구
50329982,[컬리] 평택 클러스터 물류 운영 데이터 담당자,경기평택시
50392632,[컬리] 평택 클러스터 물류 데이터 담당자,경기평택시
50754876,[NHN Cloud] 시스템 엔지니어링,경기성남시 분당구
50582000,[NHN Cloud] 실시간 보안관제 (교대근무),경남김해시
50831355,[수원] SW 테스트 엔지니어 (QA) 신입 및 경력 채용,경기수원시 영통구
50855390,"개발팀(실장, 팀장, 과장, 대리급) 모집",서울중구
50855459,[의료IT 1위 이지케어텍] AI 팀장급/시니어 채용,서울중구
50879667,[NHN Cloud] 스토리지 인프라 서비스 개발,경기성남시 분당구
50879682,[NHN Cloud] 스토리지 엔진 개발,경기성남시 분당구
50885796,[인피닉] 인공지능 연구소 AI연구소 공간 데이터 분석가 채용,서울강남구
50973993,"데이터 분석 플랫폼 개발자 (경력, 채용 시 마감)",서울영등포구
50906580,(주)수산세보틱스 디지털혁신팀 채용(신입/경력),충남아산시
50955964,㈜캠시스 CM연구소 파트별 경력직 채용,인천연수구
51037802,[구미] AI Center/Data Platform ETL 개발자 모집(SK실트론근무),경북구미시
50738753,기술연구소 AI 개발자 신입&경력 채용,광주북구
50847199,(주)디지캡 백엔드 개발 경력사원 모집,서울강서구
50891977,에스피시스템스 기업부설연구소 연구개발 경력사원 모집,경남양산시
50895380,[격주 4.5일] 아이나비 임베디드 SW개발 (경력),경기성남시 분당구
50922959,머신비전사업부 SW 개발 경력 채용,광주북구
51042816,[코스닥 상장] AI 분야 개발자 경력직 채용,서울영등포구
51053077,에프앤가이드 AI팀 인턴(채용전환형) 채용,서울강서구
50832414,Data Scientist (행동 및 움직임 분석) 박사급 연구 인력 모집,서울성동구
50832209,AI연구원 (박사급 또는 석사 이상) 연구 인력 모집,서울성동구
50875268,[(주)케이알엠] VISION & ML Robotics Engineer 채용,서울강남구
50902121,케이엑스넥스지 네트워크보안 S/W 개발자(분야별) 신입/경력채용,서울강동구
50912410,[통근버스]삼성물산 본사 데이터엔지니어 채용,서울강동구
51027230,IT 시스템 솔루션 개발자(경력),서울구로구
51048489,[골프존클라우드] QA엔지니어 경력직 채용,서울강남구
50734087,[신입] 클라우드 어플리케이션 개발,서울구로구
50987313,[AI연구소] AI연구원 (Chest 의료영상 분야),서울구로구
50975922,연구소RF/전자파 측정시스템 개발-신입,대전유성구
50991052,Security Engineer 주니어,서울강남구
51051086,(주)세스코 DS(Data Scientist) 모집,서울강동구
51053988,슈퍼커패시터 모듈/팩 SW 엔지니어,전북전주시 덕진구
51050291,AI모델개발자 모집(DL/ML),서울성동구
50743399,[캐치테이블] Business Analyst (6개월 인턴),경기성남시 분당구
50755551,[서울/경력 3년 이상] ID팀 - 데이터분석가,서울강남구
50755051,[부산/경력 3년 이상] ID팀 - 데이터분석가,부산해운대구
50683751,[에브리봇(주)] AI융합연구소 SW 개발자 경력 채용,경기성남시 분당구
50694665,안드로이드 개발자 (병역특례 가능),서울용산구
50718666,E-Accounting 담당자 채용,서울구로구
50744978,(주)베스트텍 정규직 채용 - 프론트엔드 및 백엔드 개발자,서울성동구
50570550,[서울/경력 7년 이상] 데이터분석팀- 데이터 분석 리더,서울강남구
50612287,모의해킹 직무 담당자 - 사이버 보안 벤처기업 [병역특례 가능],서울용산구
50671512,"레드팀 오펜시브 전문가(APT,모의해킹) - 사이버 보안 벤처기업",서울용산구
50916492,gpu 서버 & 리눅스 서버 엔지니어,서울송파구
50914082,[Altair Korea/외국계] HPC Intern Engineer 모집,경기성남시 분당구
50959552,반도체/디스플레이 검사 설비 S/W 개발자 채용,경기화성시
50999744,[나스닥 상장사] 시각화 개발자(리더급) 정규직 채용,서울강남구
