ID,Title,Location
50886141,[앱/웹 개발] 앱(Flutter) / 프론트(React) 개발자 (5년차 이상),서울서초구
50961221,[코스닥상장 AI기업] 앱개발,서울송파구
50761506,Flutter 프런트 개발자 구인,서울강서구
51020141,웹&앱 개발자 모집합니다.,대전서구
50926674,프론트앤드 개발자(개발 경력 5년 이상),서울용산구
50876003,[퓨처센스 주식회사] 제조SaaS 백엔드 개발자 주니어,서울종로구
50744978,(주)베스트텍 정규직 채용 - 프론트엔드 및 백엔드 개발자,서울성동구
50959597,[프로젝트/금융] 은행권 여수신 통합APP 구축 개발(React) 채용,서울강남구
50867981,[청첩장자사몰] 프론트엔드 경력 개발자 (PHP 기반),서울중구
50558830,[R&D부문] 연구소 R2 Playground팀 웹 프론트엔드 개발자 모집,서울강남구
50815567,[프론트엔드 개발 공고] 넷스트림과 함께할 개발자를 찾습니다.,서울종로구
50752590,모빌리티네트웍스 신입/경력사원 인재채용,경기안양시
50989818,시니어 풀스택 개발자 모집,서울영등포구
51044374,[대구] AI연구소 (프론트엔드/백엔드) 개발 연구원 (상시채용),대구동구
50641586,[앱개발] 앱 백엔드 개발자 채용 [경력 3년 이상],서울광진구
50833814,모바일(안드로이드/iOS) 애플리케이션 개발,경기전체
51044331,[강남] AI연구소 (프론트엔드/백엔드) 개발 연구원 (상시채용),서울강남구
50887029,프론트엔드 개발,서울서초구
50946001,"[2년이상 경력 - 대전] iOS, Android 앱 개발",대전유성구
50634270,[엠투클라우드]R&D팀 백엔드 / 프론트엔드 개발자 채용 (각 1명),서울송파구
50733982,[개발운영] 네이티브 앱 개발자 (경력),서울마포구
51012932,[VUS] 브이유에스 2025년 하반기 공채 사원 모집,서울마포구
50977151,프랜차이즈) 홈즈앤루팡 전용 앱 PM(기획/운영/일부 개발) 채용,경기용인시 기흥구
51022712,시니어 프론트엔드 개발자,서울서초구
51027478,애드(addd) 웹 개발자 채용,서울강남구
51049918,[엑스코어시스템-축산ICT사업본부] 웹개발자(JAVA),세종특별자치시
51013617,[경력] 프론트엔드 개발자 채용,서울영등포구
51063639,모바일(안드로이드/iOS) 애플리케이션 개발,경기전체
51062247,[(주)도로시] React 풀스택 개발자 (중급),서울마포구
51055197,프론트엔드 개발자 경력사원 모집,서울전체
51056236,[플랫폼 개발자] 웹/앱 및 통합 서비스 개발자 채용(신입/경력),충북충주시
51067429,Mobile(Flutter) developer,경기전체
50712336,하반기 앱서비스 개발자 채용 공고,서울금천구
51042490,안드로이드 앱 개발자-자율주행 분야,서울서초구
50917975,"[울산] 풀스택 개발자 (nodejs, react)",울산남구
50860303,[백엔드 / 프론트 엔드] 개발자 모집,서울마포구
50875776,[퓨처센스 주식회사] 제조SaaS 백엔드 개발자 시니어,서울종로구
51022283,소셜 플랫폼(웹/앱) 풀스택 개발자 채용,서울강남구
50556263,프론트엔드 개발자(경력) 모집,서울마포구
51012124,성장하는 팀에 합류할 센스있는 프론트엔드 개발자를 모셔요,서울강남구
50990554,병원용 모바일 서비스 개발자(풀스택)및 관리자(차/부장급),서울전체
51038560,분당 혁신기업 / 안드로이드 앱 개발,경기성남시 분당구
50977008,au[중소/보안업체/여의도]to사이버보안 테스트솔루션 프론트엔드,서울영등포구
50734423,루티너리 앱개발자 모집,서울서초구
50931331,[앱개발] 경력 앱 개발자 채용,서울금천구
50918915,[개발] 글로벌 교육서비스 Flutter 개발자 (3년 이상),서울마포구
50941648,FLUTTER 앱 개발자 모집 [대전],대전서구
51040650,[개발자 채용]연애IT기업 럽디(주) 백앤드 개발모집,서울관악구
50875954,HPN-K (개발자 구인공고),서울강남구
50932988,[스타랩스] Web개발 경력자 채용,서울강남구
50933589,[AI 에듀테크 기업] 프론트엔드 개발자 (경력) 모집,서울구로구
50968043,모바일(안드로이드/iOS) 애플리케이션 개발 리더,경기안양시 동안구
50946580,Nodejs 백엔드 개발자 신입/경력 채용,경기고양시 일산동구
50673440,2025년 상반기 (주)오프리메드 웹 풀스택 개발자 공개 채용,경기수원시 영통구
50672010,[더그라운드모여] 풀스택 개발 - 경력직 모집,서울강남구
50980082,- SW 개발,서울강서구
51041709,전산팀(신입개발자)채용 ERP개발 (김해 장유),경남김해시
50711731,밍글에서 전방위로 활약할 풀스택 개발자를 찾습니다.,광주북구
50947889,프론트엔드 개발 (경력직),서울성동구
50958486,"함께 서버개발, 앱 ,웹 개발자 모집합니다 [경력]",서울용산구
50886577,[앱개발] 골프 APP 개발자 채용,서울용산구
50632584,"[SV그룹] AOS, iOS, Backend, Web Developer 시니어/주니어 모집",서울영등포구
50679097,클라우드 보안플랫폼 개발을 위한 프런트 개발자 모집(경력),서울강남구
50671967,[더그라운드모여] 프론트엔드 개발 - 경력직 모집,서울강남구
50560833,프론트엔드 개발자 (웹/모바일 경력직),서울마포구
51053382,[경력] Java Web 개발자 모집 [스마트워크 도입],서울강남구
50881767,[제주]개발팀 리더 채용 공고,제주제주시
50946588,경력직 풀스택 개발자(ReactJS/Nodejs/ 등) 구인공고,경기고양시 일산동구
50906154,[채용공고] 어플리케이션 개발자 (경력 5년 이상),경기고양시 덕양구
51054806,프론트엔드 개발자 (경력 1년 이상),서울전체
51037727,윈도우 응용 프로그램 개발 / Smart Factory 솔루션 개발직,경기군포시
51032511,모바일 앱 개발자 채용,서울서초구
50822442,[토스] Frontend Ops Developer (WebView SDK),서울강남구
51001751,(주)심시스글로벌 연구개발부문 AI 고급 개발자 경력사원 모집,서울서초구
51054562,[HCG 디지털혁신기획실] 모바일서비스 개발자 채용 (경력직),서울마포구
50767041,Flutter/React Native 개발자 모집,경남양산시
50999313,25년 하반기 부문별 채용 공고,경기화성시
51022913,풀스택 개발자 채용(NodeJS/Express/Nest/Python/Next/React),서울강남구
50778205,(주) 코드바다 프론트엔드 개발자 신입/경력 채용 공고,
50980203,"[아이티센클로잇] 클라우드 엔지니어,아키텍트",서울서초구
50993862,[ 앱 개발 및 유지보수 ] 코스메슈티컬 제약기업,서울송파구
50984482,[2025 울산 일자리박람회 간접참여업체]IoT 제품 개발 풀스택 엔지니어 (Firmware/PCB/설계) / 앱 개발자 구인,울산울주군
50992848,시스템 소프트웨어 개발 및 공급업 /네이티브 플랫폼팀,서울중구
50987480,프론트엔드 개발자,서울전체
50897083,[MUSIC ON THE BLOCK] 프론트엔드 개발자 (React) 채용,서울동작구
50979302,프론트엔드 엔지니어(경력 9~11년),서울강남구
51011828,웹&앱 프론트엔드 개발자,인천전체
50975892,[풀스택/프론트] 풀스택/프론트 (웹/앱) - 금융 AI,서울강남구
50975808,[프론트엔드] 풀스택/프론트 (웹/앱) - 금융 AI,서울강남구
50754684,[컨슈머인텔리전스] React 프론트엔드 개발자 채용,서울서초구
50915613,앱개발 경력직 채용,경남창원시
51045061,[Full-Stack] 앱 개발자 고용,서울중구
50838163,프론트엔드 개발 경력자(2년 이상) 모집,서울강서구
50755031,[웨이즈원(주)] 안드로이드 앱 개발 직무 채용,경기성남시 분당구
50959812,[넛지헬스케어] 백엔드개발 채용전환형 인턴,서울강남구
50979300,프론트엔드 엔지니어(경력12-14년),서울강남구
50987579,프론트엔드 개발자_5년 이상,서울마포구
50882191,[상현역] 25년 ReactJS 개발 경력자 모집,경기용인시 수지구
50883168,[마곡] 25년 ReactJS 개발 경력자 모집,서울강서구
51064735,[시원스쿨] 웹 퍼블리셔 프리랜서 채용,서울영등포구
50974869,웹/앱 프런트 및 백엔드 프로그래머를 모십니다.,서울강남구
50974855,병역특례(보충역 산업기능요원) 웹/앱 프로그래머를 모십니다.,서울강남구
50838694,React 기반 웹에이전시 개발자,경기수원시 영통구
50883351,[국비무료IT취업]자바파이썬/웹개발/빅데이터/인공지능,서울마포구
50662877,2025년 웹 개발 부문 공고,서울구로구
50904408,[신입/경력] 핀테크 웹 개발자 모집,경기과천시
50979305,프론트엔드 엔지니어(경력 6~8년),서울강남구
50999011,2025년 기업부설연구소 웹 개발자 (프론트엔드 / 백엔드) 채용,부산해운대구
50948617,백엔드 엔지니어,경기전체
50701078,AI Agent Vision/MFC/C# Python Tensorflow CUDA yolo개발직,충남천안시 동남구
51038851,[리드넘버] 프론트 개발자 채용 [경력무관],서울구로구
50846432,[솔루션유지보수 개발자] 솔루션 유지보수 - 프론트 앤드 우대,경기성남시 분당구
50630803,[계약직원] SAP/ABAP 개발 경력직 모집 공고 [6개월이상-장기],서울금천구
50902335,부산 창신INC MES개발 java react,서울구로구
50661712,[정규직] Java(OP) 시스템 운영 모집,서울금천구
51022861,[앱개발] Fluter 경력 개발자 채용,서울금천구
51025583,앱 개발자 (초급),경기전체
50943666,[경력] 개발부 채용모집의 건,경기안양시 동안구
51025743,앱 개발자 (중급),경기전체
50987563,이커머스 풀스템 팀장 앱웹,서울마포구
50955339,코딩 및 로보틱스 강사 분야별 채용,서울강남구
51025581,앱 개발자 (신입),경기전체
50976943,Node.js 백엔드 경력직 개발자 모집합니다.,광주북구
51025738,앱 개발자 (고급),경기전체
51021672,[유명 중견 AI기업] 프론트엔드개발,서울송파구
50987574,프론트엔드 개발자_8년 이상,서울마포구
51026429,[신입-인턴] BI 솔루션 개발 - 풀스택 - 세일링스톤 인턴 3 기,서울강서구
51032247,[경력/정규직] BI 솔루션 개발 - 풀스택 개발자,서울강서구
51043338,(주)퍼브 정보시스템 유지관리 개발자 프리랜서 채용(JAVA),충북청주시 청원구
51042510,"(주)퍼브 보험 신계약,가입설계 기획·개발 프리랜서 채용(JAVA)",서울중구
50915554,도미노피자 각 부문(자회사 포함) 공개 채용,서울강남구
51026586,각 부문(생산/NC가공/스마트팩토리) 채용,충북진천군
50733554,AI연구소 프론트 개발자(경력) 모집,서울금천구
50866703,[S/W] 2025년도 상반기 자바 웹 개발자(경력) 및 PL/PM-추가모집,경남거제시
50944477,㈜푸드테크 하반기 신입/경력 전부문 채용,서울강남구
50891455,[경력무관] 프론트 웹 개발자 모집(정규직),부산사상구
50637979,WEB 응용 소프트웨어 경력 개발자 채용,경기용인시 기흥구
51009182,메타버스 UNITY 개발자 모집,인천남동구
50871040,프론트엔드개발 경력 채용,서울영등포구
51052359,[정규직] React/Vue 프론트엔드 개발자,서울영등포구
50813246,JAVA / JSP 웹개발 경력직 채용..,부산연제구
50813233,웹퍼블리셔 경력 채용,부산연제구
50635414,(주)케이사인 보안인증 모바일개발 담당자 모집,경기과천시
51044179,백엔드 개발자 채용,부산부산진구
50959803,[넛지헬스케어] 프론트엔드개발 채용전환형 인턴,서울강남구
50996449,[정규직] 회사성장을 함께할 유능한 인재 FRONTEND 개발자(경력),서울서초구
50815347,Android 및 iOS 모바일 애플리케이션 개발 경력직 사원 모집,서울강서구
51052959,[정규직] 파워빌더 (경력) 모집 (삼성전자 기흥 or 수원),경기용인시 기흥구
51065996,앱/웹 서비스개발 경력자-국내 F&B 브랜드 기업,서울강남구
50945139,[플랜아이] 백엔드 개발 엔지니어 채용,대전유성구
50918576,[플랜아이] AI 개발 엔지니어 채용,대전유성구
50639570,마켓빌리 Web Publisher / Web Designer Recruitment,서울구로구
50948641,앱개발 프로그래머 경력(8~10년)채용,경기전체
50831664,(웹/앱 프론트엔드) (React)개발 경력자 모집,부산중구
50948648,앱개발 프로그래머 경력 (2~4년)채용,경기전체
50874164,마켓빌리 JAVA / DBA / TA / AA / PYTHON Recruitment,서울구로구
50948646,앱개발 프로그래머 경력 (5~7년)채용,경기전체
50945555,마켓빌리 Product Manager(PM)/ 웹 앱 기획자 Recruitment,서울구로구
50948679,앱개발 프로그래머 신입 채용,경기전체
50940893,"프론트엔드 개발자 (Website, Mobile) 채용",경기용인시 수지구
50958441,[10minds] (주)더열심히 각 부문 신입/경력 채용,서울용산구
50818975,(기업부설연구소)웹&모바일 솔루션 개발자 모집,부산해운대구
51038508,[백엔드/서버개발] 웹/서버 프로그래머 채용공고,대구동구
50991714,"웹,앱,Reat-Native,Backend,Frondend 정규직 개발자 모집",서울금천구
51062686,[프론트엔드/백엔드/서버개발] 웹/서버 프로그래머 채용공고,대구동구
50987037,Flutter 및 PHP 기반의 웹/앱 기획 및 개발 팀 리더,경기수원시 영통구
50904307,FE 엔지니어 (디지털 헬스케어 사업) 경력직 채용,서울강남구
51067216,제조 MES(반도체 영역 중심) 전문가 영입,경기성남시 분당구
50986374,[정규직]웹 프론트엔드 엔지니어(Web Front-End Engineer) 채용,서울성동구
50948448,앱 개발자 경력 채용 (10년이상),서울전체
50948445,앱 개발자 경력 채용 (6~9년),서울전체
50662722,BACKEND(BE) 개발자 채용,서울송파구
50960756,풀스텍 AI 웹 서비스 개발 크리에이터 포지션,서울송파구
50948442,앱 개발자 경력 채용 (2~5년),서울전체
50671796,프론트엔드 개발자 신입/경력 채용,서울성동구
50980754,안드로이드 개발자(Java/Kotlin) CTO급 / 서울,서울동작구
50843132,[웹개발] 업무용 웹(JAVA) 개발경력직 모집,서울강동구
50812383,[일본 동경 시마네현] IT 프로그래머web개발 엔지니어,일본시마네
50710431,프론트엔드: Android 안드로이드 개발자,서울서초구
50970643,웹 어플리케이션 개발 담당자 신입/경력 채용,대전중구
50911791,[다우키움 계열사] 프론트엔드 개발자(Vue/React),서울성동구
50987186,[3개월 계약/React/TypeScript/UI/UX/프로젝트] 퍼블리싱 계발자,서울강남구
50915054,백엔드 개발자 (Back-End Developer) 파운딩팀 모집합니다.,서울광진구
50331626,모바일 앱 개발자 (React Native),서울강남구
50833849,React Native 주니어 개발자 (2~4년차),서울강남구
50914324,[S/W개발본부] React Native 모바일 앱 개발자 모집,서울송파구
50907629,Mnet Plus 앱(react native) 개발 채용,서울서초구
51042436,모바일팀 프론트엔드 & 모바일 앱 개발자(React-native),서울서초구
50833891,App(React Native) 개발자(전문연구요원가능),대구전체
50956261,하이브리드 앱 개발자,서울전체
51043605,App 개발자 (React Native),서울강남구
50833854,React Native 리드 개발자 (5~10년차),서울강남구
50833887,빅데이터 개발자(전문연구요원가능),경기전체
51064680,React Native 개발자,서울전체
51067444,[한국공교육원] React Native 개발 (3년차 이상),서울송파구
50833889,실내 내비게이션 연구/개발(전문연구요원가능),경기전체
50873278,서버개발팀 모바일 개발자(경력),서울전체
50973650,"(주)코드리츠 웹 / 앱(React-native) 개발자 모집 (신입,경력)",서울서초구
50948484,플랫폼 QA (5~10년),서울중구
50904150,시니어 리액트 네이티브 & 프론트엔드 개발자 채용,서울영등포구
50960210,리엑트네이티브 채용,서울강남구
50855715,Mobile App 개발자,경기전체
51041663,[경력 3년 이상] JAVA 개발자 모집(격주4일 근무),서울강남구
50999371,[아워플레이스] React Native 모바일앱 개발자 (5년 이상),서울강남구
50993269,강동역 대기업 Mobile 시스템 SM ( 중급 리액트네이티브개발자 ),서울강동구
50857996,[재택근무] REACT · PHP · PYTHON 개발자 모집,서울양천구
51005288,[React Native] 프론트엔드 개발자 채용,서울성동구
50651330,문화예술 스타트업 React Native 모바일 앱 개발자,제주제주시
50896606,[미스고부동산] 리엑트 네이티브 채용,서울강남구
51053930,[앱개발] Flutter/React Native 앱 개,울산울주군
51000073,JAVA 개발자 채용,서울강남구
50959830,React/React Native 프론트엔드 개발자,서울강남구
51067920,"앱 개발자 (React Native, 2년 이상)",서울영등포구
50957747,2025 솔트룩스 그룹사 대규모 경력직 채용,서울송파구
50845807,모바일 앱 개발자(React-native),서울강남구
50823123,React Native 기반 앱 개발자 구인,서울서초구
50611286,프론트엔드 개발자 (React-Native & React),서울강남구
49885670,"연구소 서버개발팀 개발자 (신입, 경력) 모집",서울송파구
51027263,콘텐츠기획본부 신입/경력 사원 모집,서울종로구
51028060,[이커머스] 웹/앱 풀스택 개발자 채용 (5년 이상 경력),충남천안시 동남구
50958143,[개발] 글로벌 교육서비스 React Native 개발자 (3년 이상),서울마포구
50871721,Flutter 프론트엔드 개발자 채용,서울전체
50955999,React Native 개발자를 모십니다.,서울서초구
50709850,React·Next.js 프론트엔드 개발자 채용,서울강남구
51056521,[플랫폼 기업] AA(Application Architect) 채용,서울강남구
50887810,React/React Native 개발자 채용 (모바일 게임사),서울강남구
50860106,[세미콜론즈] Node.JS 웹 개발자 모집 (경력 3년 이상),부산금정구
51027135,각 부문 신입/경력 직원 수시채용,서울마포구
51025530,부문별 신입/경력직 채용,서울구로구
50913956,크로스플랫폼 개발자 채용,경기고양시 덕양구
51051570,백엔드 개발자 총괄 채용,서울강남구
50887193,[세미콜론즈] R/N 모바일 개발자 모집 (경력 3년 이상),부산금정구
50999773,풀스택 개발자 (5~10년) [강남구],서울강남구
51043495,[토스플레이스 자회사/아이샵케어] 2025년 대규모 채용 시작,서울강남구
50916837,프론트 개발자,서울강남구
50914318,프론트엔드 개발자 경력직 채용,서울성동구
51060714,[핀테크 스타트업] 프론트 개발자(Frontend) 채용,서울서초구
50637610,[AI기반 스타트업] 프론트 개발자 모집(주니어급),서울광진구
50681319,연구개발(안드로이드 앱개발자) 채용,경기성남시 분당구
50857942,프론트엔드 개발자 경력직 채용,서울구로구
50542164,2025년 상반기 전직군 신입/경력 채용,경기수원시 권선구
50904083,앱 프론트엔드 개발자 추가 모집,서울강서구
51024377,넷마블 사내 시스템 개발/운영 중급 개발자 채용,서울구로구
50927269,프론트엔드 개발자 모집,서울금천구
51063243,[에이아이로보틱스] 인공지능 소프트웨어 개발 채용 공고,대구북구
50902478,MAUI 개발자 경력채용,서울구로구
50916939,[레이팩트] 함께할 프론트엔드 개발자를 찾습니다,서울마포구
49129549,[SW] 프론트엔드 개발자 인턴 (정규직 전환 가능),서울영등포구
50974110,"해외IT,은행IT,금융IT/ 인터넷뱅킹/모바일뱅킹 프론트엔드 개발",서울강서구
50945519,안드로이드 개발자(경력 11~14년),서울동작구
50916835,프론트 개발자 시니어,서울강남구
50994440,(주)모멘티 풀스택 개발자 채용 [강남구/팀장급],서울강남구
50958035,"풀스택 앱 개발 (경력 3~6년, 제주)",제주전체
50913960,우당네트웍 백엔드 개발자 채용 공고,서울동작구
50810070,"백엔드 개발자 모집 ( Node.js, Nest.js, AWS 가능자 )",서울마포구
50872076,웹/앱 프론트엔드 개발자 채용,부산남구
50958032,"풀스택 앱 개발 (경력 7~10년, 제주)",제주전체
50907988,솔루션 소프트웨어 Node.js 개발자,경기성남시 분당구
50999770,풀스택 개발자 (1~4년) [강남구],서울강남구
50958029,"풀스택 앱 개발 (경력 11~15년, 제주)",제주전체
50907324,[런모아 프로젝트] 담당 인재 모집 PHP/Laravel/React 필수,서울구로구
50811442,모바일 앱 개발자(Android/iOS 5년 이상) - 주1일 재택근무,부산부산진구
50975608,프론트엔드 개발자,서울강남구
50753332,[약손명가 관계사] '프론트엔드 개발자'를 모집합니다,서울강남구
50999762,프론트엔드 개발자 (5~10년) [강남구],서울강남구
50871740,Flutter 앱개발자,경기전체
50721112,[한국공교육원] 프론트엔드 개발 (Next.js/React-5년차 이상),서울송파구
50994525,(주)모멘티 프론트엔드 개발자 채용 [강남구/팀장급],서울강남구
50978256,웹 프론트엔드 개발자(React 4년 이상),서울강서구
50833744,Mobile(Flutter) developer,경기전체
50713333,우당네트웍 프론트 개발자 채용 공고,서울동작구
50970946,프론트엔드 및 앱 개발자 채용 (iOS),서울전체
50994534,(주)모멘티 프론트엔드 개발자 채용 [강남구],서울강남구
50825157,웹/앱 풀스택 개발자 채용,서울성동구
50918579,프론트엔드 개발자,서울강남구
50999765,프론트엔드 개발자 (1~4년) [강남구],서울강남구
50929000,ReactNative 앱 개발자 공개 채용 수정,서울마포구
50994513,(주)모멘티 풀스택 개발자 채용 [강남구],서울강남구
50945504,안드로이드 개발자(경력 7~10년),서울동작구
50938395,[풀스택 개발자] 스타트업 앱/서버개발 경력직 모집,경기수원시 영통구
50948947,[요거알지] React 프론트엔드 개발자 채용공고,부산북구
50918580,Android 개발자,서울강남구
50636386,"Android, IOS Application 및 Blockchain 개발자를 모십니다.",서울금천구
